level,location_id,name,sum,0-4,5-9,10-14,15-19,20-24,25-29,30-34,35-39,40-44,45-49,50-54,55-59,60-64,65-69,70-74,75+
0,0,ΣΥΝΟΛΟ ΧΩΡΑΣ,5356509,200460,226545,261334,255736,249698,256678,280403,342078,396429,401880,409770,379972,365489,328999,296748,704305
3,242,ΠΕΡΙΦΕΡΕΙΑ ΔΥΤΙΚΗΣ ΕΛΛΑΔΑΣ,322907,12400,13860,16229,17394,17260,14905,15938,19522,21909,22765,23871,22566,21986,20029,18451,43817
4,24237,ΠΕΡΙΦΕΡΕΙΑΚΗ ΕΝΟΤΗΤΑ ΑΧΑΪΑΣ,155623,6190,6822,7759,9318,10075,7678,7902,9731,11063,11094,11621,10819,10248,9328,8156,17817
5,2423701,ΔΗΜΟΣ ΠΑΤΡΕΩΝ,111382,4409,4853,5519,7143,8147,5741,5847,7222,8230,8163,8489,7663,7018,6454,5533,10951
6,242370101,ΔΗΜΟΤΙΚΗ ΕΝΟΤΗΤΑ ΠΑΤΡΕΩΝ,89973,3526,3743,4145,5820,6936,4757,4820,5787,6433,6505,6811,6174,5640,5250,4459,9159
7,24237010100,ΨΕΥΔΟΔΗΜΟΤΙΚΗ ΚΟΙΝΟΤΗΤΑ ΠΑΤΡΕΩΝ,88573,3468,3665,4048,5744,6879,4693,4751,5690,6311,6396,6686,6063,5542,5177,4400,9038
8,2423701010001,"Πάτραι,αι",88136,3450,3646,4019,5718,6857,4672,4733,5668,6287,6357,6647,6032,5508,5153,4376,9012
8,2423701010002,"Μπάλας,ο",138,4,6,7,12,3,3,8,5,11,13,14,17,7,9,9,8
8,2423701010003,"Σκιόεσσα,η",258,15,18,21,13,11,14,8,16,13,27,16,15,25,10,12,18
8,2423701010004,"Χάραδρον,το",41,3,0,4,0,5,0,4,4,3,7,6,3,0,0,0,3
7,24237010101,Δημοτική Κοινότητα Ελικίστρας,857,35,42,51,42,34,42,41,49,68,66,85,76,60,54,42,77
8,2423701010101,"Ελικίστρα,η",138,4,7,7,8,8,7,6,5,5,13,11,12,11,8,7,10
8,2423701010102,"Καρυά,η",296,12,15,16,20,10,13,13,23,28,18,28,23,22,16,16,19
8,2423701010103,"Πουρναρόκαστρον,το",20,0,0,0,0,0,0,3,0,4,0,3,3,0,3,3,3
8,2423701010104,"Ρυάκι,το",57,3,3,0,0,4,4,3,3,0,5,3,4,11,5,0,7
8,2423701010105,"Ρωμανός,ο",352,13,13,22,14,10,16,13,16,30,25,35,38,19,21,19,41
7,24237010102,Δημοτική Κοινότητα Μοίρας,24,3,0,4,0,0,0,0,0,3,0,0,0,0,0,0,6
8,2423701010201,"Μοίρα,η",14,3,0,4,0,0,0,0,0,3,0,0,0,0,0,0,0
8,2423701010202,"Γκοτσαίικα,τα",7,0,0,0,0,0,0,0,0,4,0,4,0,0,4,0,0
7,24237010103,Δημοτική Κοινότητα Σουλίου,528,22,38,45,28,24,22,26,45,49,42,36,33,41,16,14,40
8,2423701010301,"Νέον Σούλιον,το",504,16,32,47,28,22,18,24,40,46,40,36,28,39,16,14,38
8,2423701010302,"Άγιος Ιωάννης,ο",9,0,0,0,0,0,0,0,0,0,4,0,0,0,0,0,0
8,2423701010303,"Κεφαλόβρυσον,το",0,0,0,0,0,0,0,0,0,0,0,0,0,0,0,0,0
8,2423701010304,"Μιντζαίικα,τα",9,3,3,0,0,0,5,0,3,0,0,0,0,0,0,0,3
8,2423701010305,"Παναγιά,η",3,0,0,0,0,0,0,0,0,0,0,0,0,0,0,0,0
8,2423701010306,"Προφήτης Ηλίας,ο",0,0,0,0,0,0,0,0,0,0,0,0,0,0,0,0,0
6,242370102,ΔΗΜΟΤΙΚΗ ΕΝΟΤΗΤΑ ΒΡΑΧΝΑΙΙΚΩΝ,2441,108,126,156,134,94,111,137,162,208,178,174,163,166,152,125,253
7,24237010201,Δημοτική Κοινότητα Βραχναιίκων,1461,69,84,95,88,59,63,97,103,131,105,90,89,99,92,70,138
8,2423701020101,"Βραχναίικα,τα",1335,61,72,85,82,47,56,82,97,123,102,84,85,88,85,63,133
8,2423701020102,"Δρεσθενά,τα",97,10,11,13,4,9,5,13,3,10,0,4,6,7,3,3,0
8,2423701020103,"Μοιραίικα,τα",29,0,0,0,0,0,3,3,0,0,3,0,3,8,4,4,9
7,24237010202,Δημοτική Κοινότητα Θεριανού,77,3,5,6,3,4,7,0,9,6,3,3,0,5,6,4,15
8,2423701020201,"Θεριανόν,το",77,3,5,6,3,4,7,0,9,6,3,3,0,5,6,4,15
7,24237010203,Δημοτική Κοινότητα Καμινίων,362,11,14,21,17,18,23,24,25,33,34,32,18,16,31,18,32
8,2423701020301,"Καμίνια,τα",362,11,14,21,17,18,23,24,25,33,34,32,18,16,31,18,32
7,24237010204,Δημοτική Κοινότητα Μονοδενδρίου,288,9,13,21,17,9,15,6,17,15,17,30,27,25,11,22,37
8,2423701020401,"Μονοδένδριον,το",288,9,13,21,17,9,15,6,17,15,17,30,27,25,11,22,37
7,24237010205,Δημοτική Κοινότητα Τσουκαλαιίκων,247,17,8,13,8,9,10,11,10,17,19,19,23,21,12,16,32
8,2423701020501,"Τσουκαλαίικα,τα",247,17,8,13,8,9,10,11,10,17,19,19,23,21,12,16,32
6,242370103,ΔΗΜΟΤΙΚΗ ΕΝΟΤΗΤΑ ΜΕΣΣΑΤΙΔΟΣ,7184,335,444,522,438,344,338,376,531,680,575,560,452,424,363,298,506
7,24237010301,Δημοτική Κοινότητα Οβριάς,3226,165,204,229,199,149,157,175,236,325,258,245,189,194,164,124,218
8,2423701030101,"Οβριά,η",3226,165,204,229,199,149,157,175,236,325,258,245,189,194,164,124,218
7,24237010302,Δημοτική Κοινότητα Θέας,277,8,20,26,10,20,10,9,18,23,22,29,22,13,14,12,24
8,2423701030201,"Θέα,η",227,8,17,26,3,11,5,8,17,21,21,26,13,9,12,12,20
8,2423701030202,"Λυγιαί,αι",26,0,0,0,4,5,0,0,0,4,0,5,4,3,0,0,0
8,2423701030203,"Παυλόκαστρον,το",25,0,5,3,0,3,0,4,3,3,0,0,0,0,0,0,0
7,24237010303,Δημοτική Κοινότητα Καλλιθέας,429,15,18,30,31,24,17,24,36,41,32,29,24,31,21,19,35
8,2423701030301,"Καλλιθέα,η",378,15,18,26,20,28,14,24,35,33,29,24,22,27,16,19,30
8,2423701030302,"Άνω Καλλιθέα,η",48,3,0,0,9,0,0,0,3,5,0,8,5,0,7,0,7
7,24237010304,Δημοτική Κοινότητα Κρήνης Πατρών,668,27,36,52,40,32,31,32,41,57,48,54,51,49,40,24,44
8,2423701030401,"Κρήνη,η",486,17,26,39,28,22,24,27,31,40,37,39,38,37,27,22,32
8,2423701030402,"Άγιος Κωνσταντίνος,ο",185,7,6,16,10,13,9,7,8,20,13,12,15,15,16,6,15
8,2423701030403,"Μονή Ομπλού,η",0,0,0,0,0,0,0,0,0,0,0,0,0,0,0,0,0
7,24237010305,Δημοτική Κοινότητα Κρυσταλλόβρυσης,8,0,0,0,0,0,0,0,0,0,0,0,0,0,0,0,7
8,2423701030501,"Κρυσταλλόβρυση,η",8,0,0,0,0,0,0,0,0,0,0,0,0,0,0,0,7
7,24237010306,Δημοτική Κοινότητα Πετρωτού,264,11,21,20,14,19,16,5,20,28,18,17,16,12,15,12,16
8,2423701030601,"Μαυρομανδήλα,η",241,11,16,17,14,13,17,5,21,27,19,17,15,12,12,12,14
8,2423701030602,"Αγία Παρασκευή,η",5,0,0,0,0,0,4,0,0,0,0,0,0,0,0,0,0
8,2423701030603,"Πετρωτόν,το",17,0,0,0,0,3,0,0,0,3,5,0,0,0,0,0,0
7,24237010307,Δημοτική Κοινότητα Σαραβαλίου,2317,100,142,167,143,99,109,129,179,213,195,183,147,128,112,105,169
8,2423701030701,"Σαραβάλιον,το",361,12,19,25,17,12,11,18,35,31,17,29,27,30,17,15,36
8,2423701030702,"Άγιος Στέφανος,ο",286,12,19,20,12,12,13,16,22,20,16,19,18,23,10,7,35
8,2423701030703,"Δεμένικα,τα",1432,64,85,99,102,69,65,79,111,139,138,124,77,60,68,66,76
8,2423701030704,"Κεφαλόβρυσον,το",160,9,8,14,5,8,9,7,3,12,13,6,13,9,14,11,10
8,2423701030705,"Μπάκαρι,το",77,4,4,5,9,3,0,8,8,6,6,5,6,8,3,3,3
6,242370104,ΔΗΜΟΤΙΚΗ ΕΝΟΤΗΤΑ ΠΑΡΑΛΙΑΣ,4573,205,236,294,262,227,201,226,319,350,373,352,355,304,260,228,389
7,24237010401,Δημοτική Κοινότητα Παραλίας,2758,130,131,179,159,131,131,149,194,210,219,198,222,198,154,134,218
8,2423701040101,"Παραλία,η",2758,130,131,179,159,131,131,149,194,210,219,198,222,198,154,134,218
7,24237010402,Δημοτική Κοινότητα Μιντιλογλίου,1210,53,70,76,70,65,51,59,86,87,97,95,83,76,75,65,107
8,2423701040201,"Μιντιλόγλιον,το",1089,47,63,72,58,57,42,50,80,90,81,83,75,64,66,54,101
8,2423701040202,"Χαντζηλιάκον,το",123,9,5,7,14,10,7,7,9,0,13,10,5,14,7,7,4
7,24237010403,Δημοτική Κοινότητα Ρογιτίκων,605,23,35,39,32,32,20,13,39,48,57,59,51,34,32,35,64
8,2423701040301,"Ρογίτικα,τα",605,23,35,39,32,32,20,13,39,48,57,59,51,34,32,35,64
6,242370105,ΔΗΜΟΤΙΚΗ ΕΝΟΤΗΤΑ ΡΙΟΥ,7206,234,310,402,494,546,333,288,419,563,528,592,519,480,429,424,649
7,24237010501,Δημοτική Κοινότητα Ρίου,2786,85,91,129,243,312,145,126,148,200,191,214,183,165,150,161,245
8,2423701050101,"Ρίον,το",2786,85,91,129,243,312,145,126,148,200,191,214,183,165,150,161,245
7,24237010502,Δημοτική Κοινότητα Αγίου Βασιλείου,1483,59,69,82,89,80,67,61,94,124,115,137,110,117,82,95,104
8,2423701050201,"Άγιος Βασίλειος,ο",1483,59,69,82,89,80,67,61,94,124,115,137,110,117,82,95,104
7,24237010503,Δημοτική Κοινότητα Ακταίου,733,31,35,43,40,40,28,27,45,57,65,63,55,49,51,37,62
8,2423701050301,"Ακταίο,το",733,31,35,43,40,40,28,27,45,57,65,63,55,49,51,37,62
7,24237010504,Δημοτική Κοινότητα Άνω Καστριτσίου,360,11,17,22,21,14,14,12,29,27,27,38,23,22,21,22,43
8,2423701050401,"Άνω Καστρίτσιον,το",360,11,17,22,21,14,14,12,29,27,27,38,23,22,21,22,43
7,24237010505,Δημοτική Κοινότητα Αραχοβιτίκων,385,10,29,22,21,22,15,11,20,25,28,32,41,28,25,20,39
8,2423701050501,"Αραχοβίτικα,τα",192,6,14,10,6,10,5,4,9,17,14,11,18,14,14,4,27
8,2423701050502,"Κάτω Αραχοβίτικα,τα",191,7,12,15,13,14,8,4,14,9,11,19,21,11,13,13,15
7,24237010506,Δημοτική Κοινότητα Αργυράς,98,7,7,4,3,3,4,5,3,3,10,3,11,4,10,3,10
8,2423701050601,"Αργυρά,η",98,7,7,4,3,3,4,5,3,3,10,3,11,4,10,3,10
7,24237010507,Δημοτική Κοινότητα Δρεπάνου,213,5,11,18,13,5,6,13,9,25,13,12,15,19,11,17,22
8,2423701050701,"Δρέπανον,το",213,5,11,18,13,5,6,13,9,25,13,12,15,19,11,17,22
7,24237010508,Δημοτική Κοινότητα Κάτω Καστριτσίου,410,4,14,20,27,29,25,9,22,27,26,36,37,40,22,24,45
8,2423701050801,"Κάτω Καστρίτσιον,το",269,4,11,17,14,18,16,5,9,20,19,23,28,18,20,15,27
8,2423701050802,"Μαγούλα,η",140,0,6,5,10,9,7,7,11,9,9,17,5,19,5,10,15
7,24237010509,Δημοτική Κοινότητα Πιτίτσης,11,0,0,0,0,0,0,0,0,0,0,0,0,3,0,3,3
8,2423701050901,"Πιτίτσα,η",11,0,0,0,0,0,0,0,0,0,0,0,0,3,0,3,3
7,24237010510,Δημοτική Κοινότητα Πλατανίου,228,7,17,13,15,10,4,7,22,24,18,22,12,9,13,12,20
8,2423701051001,"Πλατάνιον,το",228,7,17,13,15,10,4,7,22,24,18,22,12,9,13,12,20
7,24237010511,Δημοτική Κοινότητα Σελλών,126,3,3,10,8,5,3,4,4,16,5,3,10,6,15,8,15
8,2423701051101,"Σελλά,τα",126,3,3,10,8,5,3,4,4,16,5,3,10,6,15,8,15
7,24237010512,Δημοτική Κοινότητα Ψαθοπύργου,375,10,13,35,13,20,18,16,19,32,29,27,24,25,26,18,42
8,2423701051201,"Ψαθόπυργος,ο",326,12,12,28,13,19,19,9,19,27,31,21,26,17,18,14,41
8,2423701051202,"Κάτω Ροδινή,η",51,0,3,5,3,4,0,5,3,8,0,8,0,6,5,0,4
5,2423702,ΔΗΜΟΣ ΑΙΓΙΑΛΕΙΑΣ,23930,832,910,1083,1097,938,914,1006,1372,1650,1687,1786,1796,1919,1623,1525,3788
6,242370201,ΔΗΜΟΤΙΚΗ ΕΝΟΤΗΤΑ ΑΙΓΙΟΥ,13274,483,522,627,614,541,534,582,805,957,917,993,1014,1057,872,808,1946
7,24237020101,Δημοτική Κοινότητα Αιγίου,10544,379,399,487,486,454,423,458,643,765,736,816,818,830,679,639,1526
8,2423702010101,"Αίγιον,το",10347,371,390,483,481,438,408,458,626,752,726,791,804,812,667,634,1506
8,2423702010102,"Άγιος Νικόλαος,ο",23,0,0,0,3,3,0,3,3,3,5,0,0,0,4,4,0
8,2423702010103,"Σωτήρ,ο",129,6,10,6,3,13,11,0,15,8,3,9,9,15,11,6,13
8,2423702010104,"Φωνησκαριά,η",43,0,0,3,3,3,0,0,0,7,0,9,0,5,0,0,4
7,24237020102,Δημοτική Κοινότητα Βαλιμιτίκων,241,11,10,6,14,10,7,15,17,20,10,11,18,8,23,12,40
8,2423702010201,"Βαλιμίτικα,τα",241,11,10,6,14,10,7,15,17,20,10,11,18,8,23,12,40
7,24237020103,Δημοτική Κοινότητα Δαφνών,97,4,0,0,0,3,4,10,0,5,5,4,10,6,8,4,28
8,2423702010301,"Δάφναι,αι",97,4,0,0,0,3,4,10,0,5,5,4,10,6,8,4,28
8,2423702010302,"Άγιος Ηλίας,ο",0,0,0,0,0,0,0,0,0,0,0,0,0,0,0,0,0
7,24237020104,Δημοτική Κοινότητα Διγελιωτίκων,189,9,0,11,3,3,8,11,15,11,17,10,8,19,17,22,28
8,2423702010401,"Διγελιώτικα,τα",189,9,0,11,3,3,8,11,15,11,17,10,8,19,17,22,28
7,24237020105,Δημοτική Κοινότητα Κουλούρας,452,10,25,22,27,20,17,16,27,28,37,46,27,42,22,20,70
8,2423702010501,"Κουλούρα,η",452,10,25,22,27,20,17,16,27,28,37,46,27,42,22,20,70
7,24237020106,Δημοτική Κοινότητα Κούμαρη,99,3,10,5,3,3,4,12,3,13,7,6,7,0,5,5,10
8,2423702010601,"Κούμαρης,ο",99,3,10,5,3,3,4,12,3,13,7,6,7,0,5,5,10
7,24237020107,Δημοτική Κοινότητα Κουνινάς,145,3,3,7,5,6,3,5,6,7,8,6,13,16,11,9,28
8,2423702010701,"Κουνινά,η",126,3,3,6,0,0,7,5,6,6,8,8,14,12,8,9,27
8,2423702010702,"Αγία Άννα,η",4,0,0,0,0,0,0,3,0,0,0,0,0,0,0,0,0
8,2423702010703,"Μονή Πεπελενίτσης,η",0,0,0,0,0,0,0,0,0,0,0,0,0,0,0,0,0
8,2423702010704,"Πελεκίστρα,η",0,0,0,0,0,0,0,0,0,4,0,0,0,0,0,0,0
8,2423702010705,"Πετροβούνι,το",17,0,0,0,3,3,0,0,0,0,0,0,0,3,0,0,3
7,24237020108,Δημοτική Κοινότητα Μαυρικίου,173,3,3,7,11,3,9,7,8,15,16,14,10,18,21,9,28
8,2423702010801,"Κάτω Μαυρίκιον,το",170,3,3,7,11,3,9,7,8,11,16,8,10,18,21,9,29
8,2423702010802,"Άγιος Ιωάννης,ο",0,0,0,0,0,0,0,0,0,0,0,0,0,0,0,0,0
8,2423702010803,"Άνω Μαυρίκιον,το",6,5,0,0,0,0,0,0,0,0,0,3,0,0,0,0,0
7,24237020109,Δημοτική Κοινότητα Μελισσίων,145,5,10,6,3,3,6,5,12,13,6,7,12,8,12,14,28
8,2423702010901,"Μελίσσια,τα",134,5,10,6,3,3,4,3,12,8,7,7,12,8,13,14,24
8,2423702010902,"Λάκκα,η",3,0,0,0,0,0,0,0,0,0,0,0,0,0,0,0,3
8,2423702010903,"Μονή Παμμεγίστων Ταξιαρχών,η",5,0,0,0,0,0,4,0,0,0,0,0,0,0,0,0,0
8,2423702010904,"Πυργάκιον,το",0,0,0,0,0,0,0,0,0,0,0,0,0,0,3,0,0
7,24237020110,Δημοτική Κοινότητα Παρασκευής,83,3,6,3,3,3,4,3,4,6,6,11,3,9,0,0,14
8,2423702011001,"Παρασκευή,η",83,3,6,3,3,3,4,3,4,6,6,11,3,9,0,0,14
7,24237020111,Δημοτική Κοινότητα Πτέρης,213,8,11,11,8,9,11,11,8,16,18,9,18,9,13,17,36
8,2423702011101,"Πτέρη,η",7,0,0,0,0,0,3,0,0,0,0,0,0,0,0,0,0
8,2423702011102,"Άγιος Ανδρέας,ο",35,0,0,4,0,0,0,0,4,0,5,0,0,3,0,3,9
8,2423702011103,"Άγιος Παντελεήμων,ο",9,3,3,0,0,0,0,0,0,0,0,0,0,0,0,0,0
8,2423702011104,"Αχλαδέα,η",74,7,3,5,0,6,5,6,0,3,5,4,3,3,5,7,5
8,2423702011105,"Κάτω Πτέρη,η",67,0,3,0,5,0,7,0,0,8,5,5,9,5,4,3,20
8,2423702011106,"Μπουφούσκια,η",23,3,0,0,0,4,0,4,0,0,0,0,4,0,4,3,6
7,24237020112,Δημοτική Κοινότητα Σελινούντος,274,18,20,15,16,13,17,9,21,12,20,14,24,21,14,7,44
8,2423702011201,"Σελινούς,ο",274,18,20,15,16,13,17,9,21,12,20,14,24,21,14,7,44
7,24237020113,Δημοτική Κοινότητα Τέμενης,604,22,20,42,26,20,20,19,32,57,38,41,41,54,47,45,75
8,2423702011301,"Τέμενη,η",604,22,20,42,26,20,20,19,32,57,38,41,41,54,47,45,75
7,24237020114,Δημοτική Κοινότητα Χατζή,19,0,3,0,0,0,0,3,0,0,3,0,0,4,3,0,0
8,2423702011401,"Χατζής,ο",19,0,3,0,0,0,0,3,0,0,3,0,0,4,3,0,0
6,242370202,ΔΗΜΟΤΙΚΗ ΕΝΟΤΗΤΑ ΑΙΓΕΙΡΑΣ,1149,35,37,42,50,43,47,43,50,74,83,91,90,100,84,73,204
7,24237020201,Δημοτική Κοινότητα Αιγείρας,691,22,27,24,39,28,37,24,33,45,54,55,52,60,40,44,110
8,2423702020101,"Αιγείρα,η",691,22,27,24,39,28,37,24,33,45,54,55,52,60,40,44,110
7,24237020202,Δημοτική Κοινότητα Αιγών,124,0,3,5,7,0,0,8,3,7,7,10,9,12,17,7,26
8,2423702020201,"Αιγαί,αι",28,0,0,0,5,0,0,3,0,0,0,3,5,3,6,0,6
8,2423702020202,"Αλμυρός,ο",7,0,0,0,5,0,0,0,0,0,0,4,0,3,0,0,0
8,2423702020203,"Λαμπινός,ο",90,0,0,3,0,0,0,0,3,3,8,8,5,3,9,7,16
7,24237020203,Δημοτική Κοινότητα Αμπελοκήπων,97,0,0,3,3,7,3,0,7,7,0,10,12,13,6,6,21
8,2423702020301,"Αμπελόκηποι,οι",81,0,0,3,3,7,3,0,3,7,0,6,12,8,5,3,17
8,2423702020302,"Παλιοκάτωνα,τα",3,0,0,0,0,0,0,0,0,0,0,0,0,0,0,0,0
8,2423702020303,"Πιμπαίϊκα,τα",10,0,0,0,0,0,0,0,0,0,0,3,0,3,3,0,3
7,24237020204,Δημοτική Κοινότητα Βελάς,26,0,0,4,0,0,0,4,0,0,5,0,6,3,3,3,3
8,2423702020401,"Βελά,η",26,0,0,4,0,0,0,4,0,0,5,0,6,3,3,3,3
7,24237020205,Δημοτική Κοινότητα Εξοχής,26,0,0,3,4,0,0,0,3,3,3,4,3,3,0,0,3
8,2423702020501,"Εξοχή,η",26,0,0,3,4,0,0,0,3,3,3,4,3,3,0,0,3
7,24237020206,Δημοτική Κοινότητα Μοναστηρίου,34,3,0,3,0,0,0,3,3,3,4,0,3,3,4,0,10
8,2423702020601,"Μοναστήριον,το",34,3,0,3,0,0,0,3,3,3,4,0,3,3,4,0,10
7,24237020207,Δημοτική Κοινότητα Οάσεως,16,3,0,0,4,0,0,0,0,0,0,0,0,0,3,0,5
8,2423702020701,"Όασις,η",16,3,0,0,4,0,0,0,0,0,0,0,0,0,3,0,5
7,24237020208,Δημοτική Κοινότητα Περιθωρίου,14,0,0,0,0,0,0,0,0,3,0,0,0,0,3,3,4
8,2423702020801,"Περιθώριον,το",14,0,0,0,0,0,0,0,0,3,0,0,0,0,3,3,4
7,24237020209,Δημοτική Κοινότητα Σελιάνας,23,0,0,0,0,5,0,0,0,0,3,0,0,3,3,0,9
8,2423702020901,"Σελιάνα,η",23,0,0,0,0,5,0,0,0,0,3,0,0,3,3,0,9
7,24237020210,Δημοτική Κοινότητα Σινεβρού,13,3,0,0,0,3,0,0,0,3,4,0,0,3,0,0,3
8,2423702021001,"Σινεβρόν,το",13,3,0,0,0,3,0,0,0,3,4,0,0,3,0,0,3
7,24237020211,Δημοτική Κοινότητα Χρυσανθίου,86,0,0,3,0,5,0,5,3,6,7,5,4,5,9,8,19
8,2423702021101,"Χρυσάνθιον,το",81,0,0,3,0,5,0,5,3,6,7,5,4,5,9,8,19
8,2423702021102,"Κασάνεβα,η",3,0,0,0,0,0,0,0,0,0,0,3,0,0,0,0,0
6,242370203,ΔΗΜΟΤΙΚΗ ΕΝΟΤΗΤΑ ΑΚΡΑΤΑΣ,2103,54,77,72,83,73,75,75,108,146,144,138,163,183,163,158,389
7,24237020301,Δημοτική Κοινότητα Ακράτας,688,20,31,19,19,17,28,26,47,34,52,41,49,55,51,58,125
8,2423702030101,"Ακράτα,η",662,20,31,19,23,17,28,28,48,31,52,37,50,52,51,60,116
8,2423702030102,"Πύργος,ο",0,0,0,0,0,0,0,0,0,0,0,0,0,0,0,0,0
8,2423702030103,"Φούρνοι,οι",24,0,0,0,0,0,3,0,3,0,0,3,3,0,0,0,7
7,24237020302,Δημοτική Κοινότητα Αγίας Βαρβάρας,65,3,0,3,5,0,0,5,0,3,3,3,5,4,10,7,11
8,2423702030201,"Αγία Βαρβάρα,η",55,3,0,3,5,0,3,5,0,3,3,3,3,0,4,7,11
8,2423702030202,"Βουνάκιον,το",7,0,0,0,0,0,0,0,0,0,0,0,0,0,3,0,0
7,24237020303,Δημοτική Κοινότητα Αμπέλου,109,0,3,3,3,4,6,0,4,8,5,10,8,16,12,3,17
8,2423702030301,"Άμπελος,η",109,0,3,3,3,4,6,0,4,8,5,10,8,16,12,3,17
7,24237020304,Δημοτική Κοινότητα Βαλιμής,18,0,0,0,0,0,0,0,0,0,3,0,0,4,0,0,4
8,2423702030401,"Βαλιμή,η",18,0,0,0,0,0,0,0,0,0,3,0,0,4,0,0,4
7,24237020305,Δημοτική Κοινότητα Βουτσίμου,14,0,0,3,4,0,0,0,0,0,0,4,0,0,0,3,3
8,2423702030501,"Βούτσιμος,ο",14,0,0,3,4,0,0,0,0,0,0,4,0,0,0,3,3
7,24237020306,Δημοτική Κοινότητα Ζαρούχλης,30,0,0,0,3,0,0,3,0,0,5,0,5,5,0,5,3
8,2423702030601,"Ζαρούχλα,η",30,0,0,0,3,0,0,3,0,0,5,0,5,5,0,5,3
7,24237020307,Δημοτική Κοινότητα Καλαμιά,111,0,0,0,4,3,0,4,4,11,3,3,10,13,10,11,30
8,2423702030701,"Κάτω Ποταμιά,η",0,0,0,0,0,0,0,0,0,0,0,0,0,0,0,0,0
8,2423702030702,"Καλαμιάς,ο",89,0,0,0,4,3,0,0,3,10,3,3,6,9,6,7,24
8,2423702030703,"Ποταμίτικος Γιαλός,ο",22,0,0,0,0,0,0,0,3,0,0,0,3,4,7,3,4
7,24237020308,Δημοτική Κοινότητα Κραθίου,266,6,8,15,5,11,9,10,18,20,19,25,22,23,22,16,39
8,2423702030801,"Κράθιον,το",216,6,6,11,9,13,4,6,13,14,14,20,17,15,13,9,37
8,2423702030802,"Γκουμαίικα,τα",47,3,0,0,0,0,3,6,3,3,3,3,3,5,4,3,4
7,24237020309,Δημοτική Κοινότητα Μεσορρουγίου,14,0,0,0,0,0,0,0,0,0,0,0,0,0,0,3,3
8,2423702030901,"Μεσορρούγιον,το",5,0,0,0,0,0,0,0,0,0,0,0,0,0,0,3,3
8,2423702030902,"Άνω Μεσορρούγι,το",4,0,0,0,0,0,0,0,0,0,0,0,0,0,0,0,3
8,2423702030903,"Σόλος,ο",5,0,0,0,0,0,0,0,0,0,0,0,0,0,3,0,4
7,24237020310,Δημοτική Κοινότητα Παραλίας Πλατάνου,111,0,0,4,7,0,3,3,7,7,5,10,7,9,10,8,28
8,2423702031001,"Παραλία Πλατάνου,η",111,0,0,4,7,0,3,3,7,7,5,10,7,9,10,8,28
7,24237020311,Δημοτική Κοινότητα Περιστέρας,28,0,0,0,0,0,3,3,0,0,0,4,0,6,0,3,6
8,2423702031101,"Περιστέρα,η",20,0,0,0,0,0,3,3,0,0,0,4,0,3,0,0,8
8,2423702031102,"Αγρίδιον,το",0,0,0,0,0,0,0,0,0,0,0,0,0,0,0,0,0
8,2423702031103,"Χαλκιάνικα,τα",3,0,0,0,0,0,0,0,0,0,0,0,0,0,0,0,0
7,24237020312,Δημοτική Κοινότητα Πλατάνου,112,3,3,3,6,7,3,0,3,9,9,10,5,8,6,8,27
8,2423702031201,"Πλάτανος,ο",109,3,3,3,6,7,3,0,3,9,7,8,5,8,8,8,27
8,2423702031202,"Άνω Ποταμιά,η",4,0,0,0,0,0,0,0,0,0,0,0,0,0,0,0,0
8,2423702031203,"Κορινθιακό Μπαλκόνι,το",0,0,0,0,0,0,0,0,0,0,0,0,0,0,0,0,0
8,2423702031204,"Τσιβλός,ο",0,0,0,0,0,0,0,0,0,0,0,0,0,0,0,0,0
7,24237020313,Δημοτική Κοινότητα Ποροβίτσης,46,0,3,3,0,0,0,0,3,4,3,3,4,3,7,0,10
8,2423702031301,"Παραλία Ποροβίτσης,η",45,0,3,3,0,0,0,0,3,4,3,0,4,3,7,0,9
8,2423702031302,"Ποροβίτσα,η",3,0,0,0,0,0,0,0,0,0,0,3,0,0,0,0,4
7,24237020314,Δημοτική Κοινότητα Συλιβαινιώτικων,491,7,16,25,26,18,23,19,23,48,32,30,39,43,32,32,76
8,2423702031401,"Συλιβαινιώτικα,τα",491,7,16,25,26,18,23,19,23,48,32,30,39,43,32,32,76
6,242370204,ΔΗΜΟΤΙΚΗ ΕΝΟΤΗΤΑ ΔΙΑΚΟΠΤΟΥ,2813,89,114,95,138,94,85,113,146,169,202,201,211,222,192,214,523
7,24237020401,Δημοτική Κοινότητα Διακοπτού,1001,31,38,29,63,35,25,50,58,70,70,76,66,73,68,73,180
8,2423702040101,"Διακοπτόν,το",974,31,35,29,63,35,25,48,56,71,66,76,63,65,69,72,177
8,2423702040102,"Καλυβίτης,ο",3,0,0,0,0,0,0,0,0,0,0,0,0,0,0,0,4
8,2423702040103,"Κερνίτσα,η",10,0,0,0,0,0,0,0,0,0,0,0,3,5,3,0,0
8,2423702040104,"Λόφος,ο",16,0,0,0,0,0,0,0,0,3,0,3,3,7,0,0,4
7,24237020402,Δημοτική Κοινότητα Άνω Διακοπτού,74,0,6,3,0,4,3,5,8,6,6,3,7,4,9,9,14
8,2423702040201,"Άνω Διακοπτόν,το",66,0,6,3,0,4,3,5,8,3,3,3,0,4,9,9,11
8,2423702040202,"Πούντα,η",5,0,0,0,0,0,0,0,0,0,0,0,3,0,0,0,0
7,24237020403,Δημοτική Κοινότητα Ελαιώνος,333,9,12,13,16,9,9,11,10,16,30,29,29,27,24,33,61
8,2423702040301,"Ελαιών,ο",271,5,10,10,12,9,3,13,11,14,25,22,26,22,20,23,47
8,2423702040302,"Μετόχιον,το",3,0,0,0,0,0,0,0,0,0,0,0,0,0,0,0,3
8,2423702040303,"Τερψιθέα,η",59,0,4,0,0,0,4,0,0,0,8,4,0,3,3,7,12
7,24237020404,Δημοτική Κοινότητα Ελίκης,258,3,3,12,15,9,5,4,11,19,15,19,17,30,19,10,52
8,2423702040401,"Ελίκη,η",251,3,3,12,15,9,5,4,11,19,15,19,20,30,19,11,49
8,2423702040402,"Καλαντέρι,το",3,0,0,0,0,0,0,0,0,0,0,0,0,0,0,0,0
7,24237020405,Δημοτική Κοινότητα Ζαχλωριτίκων,160,5,11,8,5,3,8,3,9,9,13,10,17,16,14,13,29
8,2423702040501,"Ζαχλωρίτικα,τα",160,5,11,8,5,3,8,3,9,9,13,10,17,16,14,13,29
7,24237020406,Δημοτική Κοινότητα Καθολικού,29,0,0,3,0,0,3,0,0,0,0,0,5,0,3,3,9
8,2423702040601,"Καθολικόν,το",29,0,0,3,0,0,3,0,0,0,0,0,5,0,3,3,9
7,24237020407,Δημοτική Κοινότητα Κερυνείας,166,12,9,10,7,4,11,10,5,3,10,16,15,5,5,10,30
8,2423702040701,"Κερύνεια,η",36,0,3,3,0,3,0,0,0,0,3,8,3,0,0,5,11
8,2423702040702,"Νέα Κερύνεια,η",127,9,8,5,6,4,6,10,5,4,9,11,10,5,3,7,22
7,24237020408,Δημοτική Κοινότητα Μαμουσιάς,90,3,6,0,4,0,3,0,4,5,7,6,5,3,6,7,21
8,2423702040801,"Μαμουσιά,η",57,0,3,0,4,0,3,3,0,4,4,6,3,0,3,10,17
8,2423702040802,"Δερβένιον,το",30,3,4,0,0,0,0,0,5,3,5,0,0,4,0,0,6
7,24237020409,Δημοτική Κοινότητα Νικολαιίκων,185,8,7,7,8,11,11,7,10,8,15,12,8,14,9,15,32
8,2423702040901,"Νικολαίικα,τα",185,8,7,7,8,11,11,7,10,8,15,12,8,14,9,15,32
7,24237020410,Δημοτική Κοινότητα Ριζομύλου,164,0,8,5,3,7,9,9,8,14,10,7,16,19,16,9,20
8,2423702041001,"Ριζόμυλος,ο",164,0,8,5,3,7,9,9,8,14,10,7,16,19,16,9,20
7,24237020411,Δημοτική Κοινότητα Ροδιάς,224,11,12,6,12,5,8,6,12,13,15,8,19,17,16,22,35
8,2423702041101,"Ροδιά,η",224,11,12,6,12,5,8,6,12,13,15,8,19,17,16,22,35
7,24237020412,Δημοτική Κοινότητα Τραπέζης,137,7,7,4,3,6,5,5,6,6,8,14,10,12,6,6,36
8,2423702041201,"Τράπεζα,η",119,4,7,4,0,6,4,3,0,4,8,11,8,11,5,8,31
8,2423702041202,"Παραλία Τραπέζης,η",19,0,0,0,0,0,3,0,3,0,0,0,4,3,3,0,3
6,242370205,ΔΗΜΟΤΙΚΗ ΕΝΟΤΗΤΑ ΕΡΙΝΕΟΥ,1420,42,48,76,58,52,51,63,65,101,101,101,120,113,94,91,245
7,24237020501,Δημοτική Κοινότητα Ζήριας,365,14,15,10,13,12,5,11,16,28,29,25,26,30,22,23,70
8,2423702050101,"Ζήρια,η",244,9,6,7,7,3,6,11,15,18,20,18,20,22,14,14,52
8,2423702050102,"Άνω Ζήρια,η",4,0,0,0,0,0,0,0,4,0,0,0,3,0,0,0,0
8,2423702050103,"Λαμπίριον,το",85,3,7,0,4,3,3,4,4,3,8,4,3,6,7,10,18
8,2423702050104,"Σαρκουνάς,ο",35,0,3,3,3,3,0,0,0,0,0,4,4,3,0,0,6
7,24237020502,Δημοτική Κοινότητα Αρραβωνίτσης,66,0,3,4,7,3,4,0,0,7,3,5,5,5,0,7,17
8,2423702050201,"Αρραβωνίτσα,η",58,0,0,4,7,3,4,0,0,7,3,3,5,5,0,3,14
8,2423702050202,"Συνανιά,τα",11,0,5,0,0,0,0,0,0,0,0,5,0,0,3,0,5
7,24237020503,Δημοτική Κοινότητα Δαμακινίου,32,0,0,5,3,0,0,0,0,0,5,5,0,0,0,4,11
8,2423702050301,"Δαμακίνιον,το",32,0,0,5,3,0,0,0,0,0,5,5,0,0,0,4,11
8,2423702050302,"Βουνόπυργος,ο",0,0,0,0,0,0,0,0,0,0,0,0,0,0,0,0,0
7,24237020504,Δημοτική Κοινότητα Καμάρων,652,25,25,38,29,25,31,33,32,49,40,45,62,48,41,35,89
8,2423702050401,"Καμάραι,αι",598,23,28,32,28,24,28,30,27,42,36,42,61,46,41,32,85
8,2423702050402,"Μπούκα,η",26,0,0,5,3,4,0,3,3,8,0,0,4,4,0,3,3
8,2423702050403,"Πεύκα,τα",23,0,0,5,4,0,0,0,3,7,0,0,0,4,0,4,3
7,24237020505,Δημοτική Κοινότητα Νέου Ερινεού,147,0,0,12,7,7,3,4,8,7,16,13,7,16,14,10,27
8,2423702050501,"Νέος Ερινεός,ο",147,0,0,12,7,7,3,4,8,7,16,13,7,16,14,10,27
7,24237020506,Δημοτική Κοινότητα Σαλμενίκου,160,3,4,12,3,3,9,11,8,7,11,10,13,7,14,10,32
8,2423702050601,"Κάτω Σαλμενίκον,το",91,0,0,14,4,0,6,8,4,3,3,5,9,5,8,8,19
8,2423702050602,"Άνω Σαλμενίκον,το",5,0,0,0,0,0,0,4,0,0,0,0,0,3,3,0,0
8,2423702050603,"Βοτένη,η",0,0,0,0,0,0,0,0,0,0,0,0,0,0,0,0,0
8,2423702050604,"Μονή Αγίας Ελεούσης,η",10,0,0,0,0,0,0,3,0,4,3,0,0,0,4,0,3
8,2423702050605,"Νέο Σαλμενίκον,το",48,0,0,0,3,0,0,0,0,0,7,4,4,5,4,3,10
6,242370206,ΔΗΜΟΤΙΚΗ ΕΝΟΤΗΤΑ ΣΥΜΠΟΛΙΤΕΙΑΣ,3174,126,115,165,157,133,120,131,200,200,239,259,206,246,216,185,474
7,24237020601,Δημοτική Κοινότητα Ροδοδάφνης,1449,65,65,85,77,67,55,53,102,82,109,128,88,115,97,71,184
8,2423702060101,"Ροδοδάφνη,η",1449,65,65,85,77,67,55,53,102,82,109,128,88,115,97,71,184
7,24237020602,Δημοτική Κοινότητα Αγίου Κωνσταντίνου,205,11,3,12,8,15,14,8,8,10,18,18,10,12,16,14,34
8,2423702060201,"Άγιος Κωνσταντίνος,ο",205,11,3,12,8,15,14,8,8,10,18,18,10,12,16,14,34
7,24237020603,Δημοτική Κοινότητα Άλσους,41,0,0,4,0,0,0,0,3,5,8,4,0,7,3,4,8
8,2423702060301,"Άλσος,το",41,0,0,4,0,0,0,0,3,5,8,4,0,7,3,4,8
7,24237020604,Δημοτική Κοινότητα Βερίνου,74,0,0,0,0,0,0,3,3,8,12,4,4,7,12,9,18
8,2423702060401,"Βερίνον,το",39,0,0,0,0,0,0,0,3,8,6,3,4,3,5,3,5
8,2423702060402,"Μονή Αγίου Ιωάννου Θεολόγου,η",32,0,0,0,0,0,0,3,0,0,4,4,0,3,3,4,10
7,24237020605,Δημοτική Κοινότητα Γκραίκα,41,4,0,4,3,3,0,3,0,3,7,0,5,3,3,3,3
8,2423702060501,"Γκραίκας,ο",41,4,0,4,3,3,0,3,0,3,7,0,5,3,3,3,3
7,24237020606,Δημοτική Κοινότητα Γρηγόρη,36,3,4,0,0,0,5,0,0,3,4,0,3,3,6,4,5
8,2423702060601,"Γρηγόρης,ο",34,3,4,0,0,0,5,0,0,3,4,0,3,3,6,4,3
8,2423702060602,"Επταπίττα,η",0,0,0,0,0,0,0,0,0,0,0,0,0,0,0,0,0
7,24237020607,Δημοτική Κοινότητα Δημητροπούλου,83,3,0,3,6,0,4,6,3,4,3,8,6,11,5,7,13
8,2423702060701,"Δημητρόπουλον,το",83,3,0,3,6,0,4,6,3,4,3,8,6,11,5,7,13
7,24237020608,Δημοτική Κοινότητα Δουκαναιίκων,19,0,0,0,0,0,0,0,3,0,0,0,0,0,3,3,8
8,2423702060801,"Δουκαναίικα,τα",11,0,0,0,0,0,0,0,3,0,0,0,0,0,3,0,4
8,2423702060802,"Άνω Δουκαναίικα,τα",11,0,0,0,0,0,0,0,0,0,0,0,0,0,0,3,0
7,24237020609,Δημοτική Κοινότητα Κρήνης Αιγιαλείας,99,10,7,6,3,3,6,11,12,8,3,7,4,9,3,6,9
8,2423702060901,"Κρήνη,η",98,10,7,6,3,3,6,11,12,8,3,7,4,8,3,6,9
8,2423702060902,"Μικρόνι,το",4,0,0,0,0,0,0,0,0,0,0,0,0,4,0,0,0
7,24237020610,Δημοτική Κοινότητα Λάκκας,43,0,3,0,4,0,3,4,0,4,3,4,0,4,6,3,9
8,2423702061001,"Λάκκα,η",43,0,3,0,4,0,3,4,0,4,3,4,0,4,6,3,9
7,24237020611,Δημοτική Κοινότητα Λόγγου,403,15,17,21,16,14,16,14,27,26,27,29,32,35,26,21,64
8,2423702061101,"Λόγγος,ο",403,15,17,21,16,14,16,14,27,26,27,29,32,35,26,21,64
7,24237020612,Δημοτική Κοινότητα Μάγειρα,21,0,0,0,3,0,0,0,3,3,3,0,0,3,3,3,4
8,2423702061201,"Μάγειρας,ο",21,0,0,0,3,0,0,0,3,3,3,0,0,3,3,3,4
7,24237020613,Δημοτική Κοινότητα Μυρόβρυσης,89,0,0,8,0,7,5,3,3,3,7,7,7,6,6,6,24
8,2423702061301,"Μυρόβρυση,η",89,0,0,8,0,7,5,3,3,3,7,7,7,6,6,6,24
7,24237020614,Δημοτική Κοινότητα Νεραντζιών,98,4,0,3,6,6,3,3,0,7,3,5,5,11,10,9,22
8,2423702061401,"Νεραντζιαί,αι",98,4,0,3,6,6,3,3,0,7,3,5,5,11,10,9,22
7,24237020615,Δημοτική Κοινότητα Σελιανιτίκων,447,17,11,16,28,17,17,22,21,34,24,47,36,29,27,19,68
8,2423702061501,"Σελιανίτικα,τα",447,17,11,16,28,17,17,22,21,34,24,47,36,29,27,19,68
7,24237020616,Δημοτική Κοινότητα Τούμπας,34,0,3,4,0,0,0,3,5,3,0,0,0,0,3,0,3
8,2423702061601,"Τούμπα,η",25,0,0,4,0,0,0,3,0,3,0,0,0,0,5,3,3
8,2423702061602,"Μερτίδιον,το",11,0,0,0,0,0,0,0,3,0,0,0,0,0,0,0,3
5,2423703,ΔΗΜΟΣ ΔΥΤΙΚΗΣ ΑΧΑΪΑΣ,12087,680,731,790,729,662,627,658,735,727,756,844,766,701,645,583,1460
6,242370301,ΔΗΜΟΤΙΚΗ ΕΝΟΤΗΤΑ ΔΥΜΗΣ,5672,344,425,398,390,361,325,326,375,362,327,373,362,346,245,199,518
7,24237030101,Δημοτική Κοινότητα Κάτω Αχαΐας,4024,287,347,307,295,296,260,264,279,246,228,252,260,222,141,99,237
8,2423703010101,"Κάτω Αχαΐα,η",3781,261,326,297,277,282,240,256,268,237,221,237,244,212,120,90,218
8,2423703010102,"Αλυκαί,αι",117,3,10,3,6,7,9,5,8,6,7,5,16,8,16,3,11
8,2423703010103,"Μανεταίικα,τα",15,0,0,0,0,0,0,0,0,0,0,0,0,0,3,3,0
8,2423703010104,"Παραλία Κάτω Αχαΐας,η",18,0,0,0,3,0,4,0,0,4,0,5,3,0,0,0,3
8,2423703010105,"Πίσω Συκέα,η",93,23,11,7,14,12,6,4,5,0,0,0,0,3,4,0,4
7,24237030102,Δημοτική Κοινότητα Αγιοβλασιτίκων,126,0,5,6,3,4,6,4,7,13,5,3,8,12,6,18,23
8,2423703010201,"Κάπελη,η",26,0,0,0,0,0,0,4,6,3,0,0,4,0,0,3,0
8,2423703010202,"Αγιοβλασίτικα,τα",48,3,3,3,0,0,3,3,0,7,3,4,4,4,3,11,11
8,2423703010203,"Λεύκος,ο",12,0,0,0,0,0,0,0,0,0,0,0,0,0,0,3,4
8,2423703010204,"Στεναΐτικα,τα",44,0,0,5,0,5,0,0,0,3,0,3,3,3,7,3,6
7,24237030103,Δημοτική Κοινότητα Αλισσού,405,20,15,28,25,14,18,17,34,23,26,35,20,30,28,22,56
8,2423703010301,"Αλισσός,ο",268,13,9,13,18,15,10,9,23,19,14,17,18,20,19,16,39
8,2423703010302,"Καμενίτσα,η",32,0,3,0,5,0,4,0,4,0,3,5,3,4,0,4,7
8,2423703010303,"Παραλία Αλισσού,η",91,9,4,8,5,3,8,4,7,8,7,3,5,7,6,6,5
8,2423703010304,"Προφήτης Ελισσαίος,ο",17,0,0,0,3,0,5,0,0,0,5,7,0,3,0,0,3
7,24237030104,Δημοτική Κοινότητα Άνω Αχαΐας,82,7,6,3,3,6,4,0,4,7,5,3,3,4,3,8,20
8,2423703010401,"Άνω Αχαΐα,η",82,7,6,3,3,6,4,0,4,7,5,3,3,4,3,8,20
7,24237030105,Δημοτική Κοινότητα Ελαιοχωρίου,90,0,0,3,9,3,6,0,7,5,9,6,7,14,9,4,13
8,2423703010501,"Ελαιοχώριον,το",90,0,0,3,9,3,6,0,7,5,9,6,7,14,9,4,13
7,24237030106,Δημοτική Κοινότητα Κάτω Αλισσού,284,7,18,14,17,10,7,14,14,22,17,31,26,20,17,16,42
8,2423703010601,"Κάτω Αλισσός,ο",203,3,13,10,13,11,4,9,12,12,10,20,24,17,11,10,35
8,2423703010602,"Γιαλός,ο",78,0,3,3,6,0,4,3,5,7,5,9,5,7,10,4,9
7,24237030107,Δημοτική Κοινότητα Νιφοραιίκων,331,9,16,13,15,9,10,9,18,17,23,27,17,18,19,22,87
8,2423703010701,"Νιφοραίικα,τα",225,9,16,14,11,11,10,9,18,13,19,22,13,11,10,9,29
8,2423703010702,"Παραλία Νιφοραιίκων,η",108,0,0,0,0,0,0,0,0,7,7,3,7,5,6,10,60
7,24237030108,Δημοτική Κοινότητα Πετροχωρίου,332,14,24,16,29,12,16,14,19,25,18,23,22,23,18,13,43
8,2423703010801,"Πετροχώριον,το",65,0,3,5,0,3,5,0,7,4,4,5,8,11,0,0,9
8,2423703010802,"Βεσκουκαίικα,τα",33,3,0,0,4,0,3,3,0,0,3,5,0,3,0,0,4
8,2423703010803,"Βυθούλκας,ο",9,0,0,0,3,0,0,0,0,0,0,0,0,0,0,0,0
8,2423703010804,"Καρυά,η",176,10,15,15,16,9,8,8,8,18,13,5,7,3,7,10,17
8,2423703010805,"Λαμπραίικα,τα",19,0,0,0,4,0,0,0,3,5,0,0,0,3,0,0,5
8,2423703010806,"Λογοθέτης,ο",27,0,0,4,5,0,0,0,0,0,0,3,0,0,3,0,4
6,242370302,ΔΗΜΟΤΙΚΗ ΕΝΟΤΗΤΑ ΛΑΡΙΣΣΟΥ,2294,93,81,141,114,92,104,123,121,140,158,181,146,131,152,168,348
7,24237030201,Δημοτική Κοινότητα Μετοχίου,697,29,21,36,40,23,29,39,49,43,42,53,49,49,47,46,99
8,2423703020101,"Μετόχιον,το",187,8,3,8,12,11,10,10,13,15,10,17,11,14,14,16,33
8,2423703020102,"Λάπας,ο",420,17,18,28,27,13,17,24,34,25,34,28,35,27,24,22,50
8,2423703020103,"Νέον Βουπράσιον,το",85,4,0,7,3,4,7,4,3,4,3,9,3,7,4,9,20
7,24237030202,Δημοτική Κοινότητα Αγίου Νικολάου Σπάτων,102,0,4,7,8,6,5,4,6,8,3,9,6,5,9,8,9
8,2423703020201,"Άγιος Νικόλαος,ο",71,0,0,7,6,3,3,4,4,3,4,4,5,3,5,10,10
8,2423703020202,"Άγιος Κωνσταντίνος,ο",25,0,0,0,0,0,3,0,4,0,3,3,3,0,3,0,5
8,2423703020203,"Μονή Αγίου Νικολάου,η",7,0,3,3,0,0,0,0,4,3,0,0,0,0,0,0,0
7,24237030203,Δημοτική Κοινότητα Απιδεώνος,167,4,6,25,10,8,9,8,10,8,16,14,7,10,4,12,19
8,2423703020301,"Απιδεών,ο",167,4,6,25,10,8,9,8,10,8,16,14,7,10,4,12,19
7,24237030204,Δημοτική Κοινότητα Αράξου,73,6,0,3,4,0,0,8,5,7,3,6,9,4,4,3,10
8,2423703020401,"Άραξος,ο",55,6,0,0,4,0,0,8,0,0,3,0,9,4,0,0,9
8,2423703020402,"Ακρωτήριο Αράξου,το",11,0,0,0,0,0,0,0,0,5,3,0,0,0,0,3,3
8,2423703020403,"Καλόγρια,η",3,0,4,0,0,0,0,0,4,0,0,0,0,0,0,0,0
7,24237030205,Δημοτική Κοινότητα Βελιτσών,130,6,4,10,6,7,5,4,4,6,12,13,8,8,12,12,16
8,2423703020501,"Άνω Βελιτσαί,αι",65,5,0,5,0,0,3,7,0,3,3,5,4,4,7,7,10
8,2423703020502,"Κάτω Βελιτσαί,αι",63,3,3,3,6,3,0,0,3,5,7,4,0,6,3,7,9
7,24237030206,Δημοτική Κοινότητα Καγκαδίου,165,10,6,10,6,3,3,9,7,13,16,8,8,6,5,15,31
8,2423703020601,"Καγκάδιον,το",165,10,6,10,6,3,3,9,7,13,16,8,8,6,5,15,31
7,24237030207,Δημοτική Κοινότητα Λακκοπέτρας,375,23,15,20,19,13,20,25,19,21,27,25,28,16,24,21,48
8,2423703020701,"Λακκόπετρα,η",322,23,12,23,15,12,17,20,17,19,25,25,23,12,17,18,40
8,2423703020702,"Ιονική Ακτή,η",16,0,3,0,0,0,0,0,0,0,3,0,0,3,0,3,0
8,2423703020703,"Καρνάρι,το",30,3,0,0,0,3,0,3,5,0,0,0,3,3,0,0,4
8,2423703020704,"Λιμανάκι,το",0,0,0,0,0,0,0,0,0,0,0,0,0,0,0,0,0
7,24237030208,Δημοτική Κοινότητα Ματαράγκας,124,3,6,8,6,3,5,7,6,6,3,13,13,5,5,11,24
8,2423703020801,"Ματαράγκα,η",44,3,3,4,3,0,0,0,3,4,0,3,5,3,4,7,6
8,2423703020802,"Κεφαλαίικα,τα",78,3,5,6,0,0,5,5,0,4,3,15,4,4,3,6,16
7,24237030209,Δημοτική Κοινότητα Μιχοΐου,127,0,6,7,5,7,0,7,5,6,9,10,6,3,14,11,31
8,2423703020901,"Μιχόιον,το",87,0,6,5,5,3,0,3,3,5,5,6,5,3,6,9,19
8,2423703020902,"Κάνδαλος,ο",13,0,0,0,3,0,0,5,0,0,0,3,0,0,4,0,0
8,2423703020903,"Τσαμαίικα,τα",23,0,0,0,0,0,0,3,0,3,3,0,0,0,3,0,8
8,2423703020904,"Ψευτέικα,τα",0,0,0,0,0,0,0,0,0,0,0,0,0,0,0,0,0
7,24237030210,Δημοτική Κοινότητα Πέτα,98,0,3,5,6,4,4,0,4,5,4,8,6,6,10,16,16
8,2423703021001,"Πέτας,ο",98,0,3,5,6,4,4,0,4,5,4,8,6,6,10,16,16
7,24237030211,Δημοτική Κοινότητα Ριόλου,236,12,13,8,11,16,12,12,11,18,19,19,12,18,11,13,41
8,2423703021101,"Ρίολος,ο",234,12,13,8,11,12,12,12,11,18,19,15,12,18,11,13,41
8,2423703021102,"Μαζαίικα,τα",4,0,0,0,0,0,0,0,0,0,0,0,0,0,0,0,0
6,242370303,ΔΗΜΟΤΙΚΗ ΕΝΟΤΗΤΑ ΜΟΒΡΗΣ,2366,193,166,167,123,132,133,143,159,133,150,155,130,131,124,109,229
7,24237030301,Δημοτική Κοινότητα Σαγαιίκων,1026,118,86,85,74,85,72,50,55,53,47,56,43,36,45,44,65
8,2423703030101,"Σαγαίικα,τα",576,57,35,47,45,50,36,26,29,33,28,31,25,24,29,29,50
8,2423703030102,"Απόστολοι,οι",33,3,3,0,4,4,4,0,3,3,0,4,3,0,3,4,3
8,2423703030103,"Βραχναίικα,τα",7,0,0,0,0,0,0,0,0,0,0,4,3,0,0,0,0
8,2423703030104,"Γερουσαίικα,τα",344,55,40,33,23,32,36,21,16,17,20,14,9,8,8,7,7
8,2423703030105,"Μπουταίικα,τα",51,0,3,4,3,0,4,3,7,7,3,6,4,5,3,3,6
8,2423703030106,"Σταθμός,ο",19,0,4,0,0,0,0,3,4,0,5,0,0,0,3,0,0
7,24237030302,Δημοτική Κοινότητα Καραιίκων,316,8,17,15,13,15,17,16,15,20,26,26,18,23,18,20,51
8,2423703030201,"Καραίικα,τα",70,0,3,3,3,0,6,0,0,3,7,8,7,4,3,8,10
8,2423703030202,"Γομοστόν,το",104,4,6,0,6,10,7,9,4,4,9,7,8,4,8,4,15
8,2423703030203,"Καραμεσιναίικα,τα",74,0,0,7,4,0,3,8,3,8,3,3,3,7,6,7,10
8,2423703030204,"Ράχη,η",70,3,5,3,3,3,4,0,0,3,6,4,5,4,3,3,13
7,24237030303,Δημοτική Κοινότητα Κρίνου,161,9,11,11,9,4,7,11,6,7,11,11,7,17,7,5,36
8,2423703030301,"Κρίνος,ο",161,9,11,11,9,4,7,11,6,7,11,11,7,17,7,5,36
7,24237030304,Δημοτική Κοινότητα Λιμνοχωρίου,586,51,47,41,15,15,20,46,62,40,38,42,31,32,30,29,40
8,2423703030401,"Λιμνοχώριον,το",194,10,4,14,7,10,3,11,14,10,22,20,14,12,14,11,22
8,2423703030402,"Καλαμάκιον,το",149,8,14,5,3,6,8,11,13,7,10,12,11,10,13,9,14
8,2423703030403,"Κάτω Λιμνοχώριον,το",101,9,12,9,0,0,3,8,10,9,4,7,7,5,5,8,5
8,2423703030404,"Παραλία Καλαμακίου,η",140,21,16,9,3,0,4,14,27,17,5,0,3,3,3,5,3
7,24237030305,Δημοτική Κοινότητα Μύρτου,157,4,5,11,11,9,7,9,7,8,13,8,10,10,15,7,20
8,2423703030501,"Μύρτος,ο",77,0,4,5,3,4,0,8,3,4,9,3,5,3,6,3,9
8,2423703030502,"Γιουλαίικα,τα",38,0,0,3,0,0,4,0,3,3,7,0,0,4,5,0,6
8,2423703030503,"Πουρνάριον,το",42,0,0,0,5,3,3,3,0,3,3,3,3,3,3,0,4
7,24237030306,Δημοτική Κοινότητα Φράγκας,123,6,3,8,4,3,8,9,5,10,11,10,6,11,6,6,18
8,2423703030601,"Φράγκα,η",78,0,3,3,3,4,3,6,7,0,10,6,7,8,5,5,11
8,2423703030602,"Σπαναίικα,τα",22,3,0,3,0,0,3,3,0,3,3,0,0,3,0,0,3
8,2423703030603,"Τσακώνικα,τα",24,0,0,4,0,0,0,0,0,0,3,3,0,0,0,0,4
6,242370304,ΔΗΜΟΤΙΚΗ ΕΝΟΤΗΤΑ ΩΛΕΝΙΑΣ,1757,51,58,82,93,74,68,69,85,95,119,137,125,98,126,111,363
7,24237030401,Δημοτική Κοινότητα Λουσικών,254,5,5,16,17,5,8,11,13,16,24,16,15,9,20,17,48
8,2423703040101,"Λουσικά,τα",186,5,5,12,16,5,9,6,9,14,18,12,11,4,7,10,40
8,2423703040102,"Σπαλιαραίικα,τα",49,3,3,3,0,0,0,3,6,4,3,5,3,4,3,5,8
8,2423703040103,"Υψηλή Ράχη,η",17,0,0,0,0,0,0,0,3,3,0,0,0,0,3,0,6
7,24237030402,Δημοτική Κοινότητα Αγίου Νικολάου Κράλης,158,4,8,12,9,7,8,5,11,12,16,8,6,9,11,12,30
8,2423703040201,"Καλαμάκιον,το",60,0,7,9,5,0,0,4,4,0,10,0,3,3,3,3,12
8,2423703040202,"Άγιος Νικόλαος,ο",32,3,0,4,5,3,0,0,0,3,4,3,0,0,3,0,3
8,2423703040203,"Αυγεραίικα,τα",19,0,0,0,3,0,0,0,0,0,0,3,0,0,0,4,9
8,2423703040204,"Θωμαίικα,τα",35,0,0,4,4,0,3,0,3,0,3,5,0,0,0,3,8
8,2423703040205,"Ποιμενοχώριον,το",14,0,0,0,0,0,3,0,0,0,0,0,3,0,3,0,4
7,24237030403,Δημοτική Κοινότητα Αγίου Στεφάνου,85,6,3,3,3,5,7,3,3,3,7,10,3,7,3,5,12
8,2423703040301,"Άγιος Στέφανος,ο",68,6,4,3,3,0,5,3,3,6,0,10,0,4,5,5,8
8,2423703040302,"Παλαιά Περιστέρα,η",14,3,0,0,3,3,0,0,0,0,3,0,0,0,0,0,3
8,2423703040303,"Φυλακές,οι",0,0,0,0,0,0,0,0,0,0,0,0,0,0,0,0,0
7,24237030404,Δημοτική Κοινότητα Άνω Σουδεναιίκων,78,0,0,3,4,0,0,4,3,4,4,5,11,3,4,8,22
8,2423703040401,"Άνω Σουδεναίικα,τα",78,0,0,3,4,0,0,4,3,4,4,5,11,3,4,8,22
7,24237030405,Δημοτική Κοινότητα Άρλας,151,0,4,13,6,9,4,3,10,8,15,15,7,9,7,6,27
8,2423703040501,"Άρλα,η",151,0,4,13,6,9,4,3,10,8,15,15,7,9,7,6,27
7,24237030406,Δημοτική Κοινότητα Αχαϊκού,61,0,0,0,0,3,6,0,3,0,0,6,8,7,5,0,17
8,2423703040601,"Αχαϊκόν,το",61,0,0,0,0,3,6,0,3,0,0,6,8,7,5,0,17
7,24237030407,Δημοτική Κοινότητα Γαλαναίϊκα,11,0,0,0,0,0,0,0,0,0,0,3,0,0,0,3,6
8,2423703040701,"Γαλαναίϊκα,τα",11,0,0,0,0,0,0,0,0,0,0,3,0,0,0,3,6
7,24237030408,Δημοτική Κοινότητα Γκανέϊκα,0,0,0,0,0,0,0,0,0,0,0,0,0,0,0,0,0
8,2423703040801,"Γκανέικα,τα",0,0,0,0,0,0,0,0,0,0,0,0,0,0,0,0,0
7,24237030409,Δημοτική Κοινότητα Κάτω Μαζαράκι,248,11,8,9,15,9,10,8,11,12,19,22,17,15,23,11,49
8,2423703040901,"Κάτω Μαζαράκιον,το",248,11,8,9,15,9,10,8,11,12,19,22,17,15,23,11,49
7,24237030410,Δημοτική Κοινότητα Μιτοπόλεως,143,13,4,3,9,9,7,4,6,13,5,4,9,4,14,11,29
8,2423703041001,"Μιτόπολις,η",89,8,4,4,3,6,6,4,5,5,5,4,6,3,6,5,16
8,2423703041002,"Κώμη,η",42,0,0,0,0,0,0,0,3,5,4,0,0,3,5,9,14
8,2423703041003,"Σουβαλιωτέικα,τα",6,0,0,0,0,3,0,0,0,3,0,0,0,0,0,0,0
7,24237030411,Δημοτική Κοινότητα Πορτών,76,0,3,3,3,4,3,3,0,5,6,0,3,4,7,4,23
8,2423703041101,"Πόρται,αι",76,0,3,3,3,4,3,3,0,5,6,0,3,4,7,4,23
7,24237030412,Δημοτική Κοινότητα Σαντομερίου,110,3,3,3,5,10,8,5,3,3,3,12,11,4,6,9,17
8,2423703041201,"Σαντομέριον,το",71,3,4,0,3,4,3,5,0,5,3,6,4,3,5,8,11
8,2423703041202,"Αμπελάκια,τα",7,0,3,0,0,0,0,0,0,0,0,0,0,0,3,0,0
8,2423703041203,"Μονή Αγίας Μαρίνης Μαρίτσης,η",3,0,0,0,0,0,0,0,0,0,0,0,0,0,0,0,0
8,2423703041204,"Πολύλοφον,το",33,0,0,0,4,0,0,0,5,0,0,4,4,4,0,0,4
7,24237030413,Δημοτική Κοινότητα Φλόκα,60,3,0,4,4,0,0,0,4,4,0,4,6,6,6,0,20
8,2423703041301,"Φλόκας,ο",30,0,0,0,3,0,0,0,0,3,0,3,3,0,3,0,12
8,2423703041302,"Ζησιμαίικα,τα",33,3,0,0,0,0,0,0,0,4,0,0,3,4,3,0,5
7,24237030414,Δημοτική Κοινότητα Φωσταίνης,85,3,3,0,4,4,5,4,3,7,0,5,7,3,6,9,13
8,2423703041401,"Φώσταινα,η",85,3,3,0,4,4,5,4,3,7,0,5,7,3,6,9,13
7,24237030415,Δημοτική Κοινότητα Χαϊκαλίου,155,7,5,9,10,7,7,5,7,6,12,12,13,14,10,9,27
8,2423703041501,"Χαϊκάλιον,το",121,3,5,6,0,7,5,6,4,3,13,9,10,6,6,6,24
8,2423703041502,"Κατσαϊταίικα,τα",20,3,0,0,0,0,0,3,0,0,0,0,0,0,7,4,3
8,2423703041503,"Κουνελαίικα,τα",14,0,0,0,5,0,0,0,3,0,0,4,0,0,0,0,0
7,24237030416,Δημοτική Κοινότητα Χαραυγής,94,0,0,4,9,6,0,6,5,4,4,3,8,7,9,11,18
8,2423703041601,"Χαραυγή,η",16,0,0,0,0,0,0,0,0,0,0,0,0,0,5,8,5
8,2423703041602,"Νεοχώριον,το",32,0,0,0,4,0,0,5,3,3,0,3,3,6,4,0,4
8,2423703041603,"Πηγάδια,τα",44,0,0,0,3,4,0,5,3,4,0,3,4,0,4,6,8
5,2423704,ΔΗΜΟΣ ΕΡΥΜΑΝΘΟΥ,3814,130,177,203,189,167,193,197,182,223,234,233,268,275,263,221,655
6,242370401,ΔΗΜΟΤΙΚΗ ΕΝΟΤΗΤΑ ΦΑΡΡΩΝ,2079,81,96,124,113,93,106,104,105,124,134,128,141,146,128,109,339
7,24237040101,Δημοτική Κοινότητα Χαλανδρίτσης,443,18,23,28,22,24,20,25,25,31,25,29,28,26,31,19,66
8,2423704010101,"Χαλανδρίτσα,η",390,14,17,26,21,15,20,22,21,27,21,29,20,17,27,19,63
8,2423704010102,"Κυδωνιές,οι",8,3,3,0,0,0,0,0,0,0,0,0,0,3,0,0,0
8,2423704010103,"Μαστοραίικα - Σταμαίικα,τα",44,3,5,0,3,6,3,0,4,7,8,0,5,5,4,3,5
7,24237040102,Δημοτική Κοινότητα Βασιλικού,319,9,12,24,14,13,9,12,17,19,28,14,27,24,31,20,48
8,2423704010201,"Βασιλικόν,το",177,6,0,15,8,4,7,8,7,16,16,5,19,8,11,11,34
8,2423704010202,"Αγριλιά,η",49,0,8,0,0,0,0,0,6,0,3,0,6,3,5,7,7
8,2423704010203,"Κυδωνίαι,αι",44,4,4,3,3,3,0,4,3,0,9,3,0,3,7,4,3
8,2423704010204,"Στέρνα,η",14,0,0,0,0,0,0,0,0,0,0,0,0,0,0,3,0
8,2423704010205,"Στεφάνη,η",40,4,4,0,0,6,3,4,0,0,0,0,3,3,6,0,7
7,24237040103,Δημοτική Κοινότητα Ελληνικού,133,10,5,3,5,7,8,9,4,3,9,12,9,14,11,3,22
8,2423704010301,"Ελληνικόν,το",38,0,3,3,0,0,0,3,0,3,0,3,5,6,0,0,8
8,2423704010302,"Αγία Ελεούσα,η",27,0,0,0,0,0,0,0,0,0,6,3,0,0,3,0,6
8,2423704010303,"Βαλματούρα,η",4,0,0,0,0,3,0,0,0,0,4,0,0,0,0,0,3
8,2423704010304,"Κανελλάκι,το",15,3,0,4,4,0,0,4,0,0,3,5,3,0,0,0,0
8,2423704010305,"Κούμαρης,ο",3,0,0,0,0,0,0,0,0,0,0,0,3,5,3,0,0
8,2423704010306,"Νεοχώριον,το",25,5,6,0,3,5,5,4,0,0,0,0,3,0,4,0,0
8,2423704010307,"Χρυσαυγή,η",13,0,0,0,0,3,3,4,0,0,0,0,3,3,0,0,0
7,24237040104,Δημοτική Κοινότητα Ισώματος,160,7,8,8,12,6,9,5,12,12,13,9,9,7,11,9,20
8,2423704010401,"Ίσωμα,το",160,7,8,8,12,6,9,5,12,12,13,9,9,7,11,9,20
7,24237040105,Δημοτική Κοινότητα Καλανίστρας,56,3,5,0,0,4,5,5,4,3,0,3,4,3,4,0,10
8,2423704010501,"Καλανίστρα,η",31,0,3,0,0,3,3,3,0,3,0,3,0,3,3,0,9
8,2423704010502,"Ροδιά,η",27,3,0,0,3,3,0,0,3,0,0,3,0,0,0,0,3
7,24237040106,Δημοτική Κοινότητα Καλάνου,49,3,4,3,0,0,3,0,0,5,0,0,3,0,5,4,7
8,2423704010601,"Κάλανος,ο",49,3,4,3,0,0,3,0,0,5,0,0,3,0,5,4,7
7,24237040107,Δημοτική Κοινότητα Καλουσίου,71,0,3,0,8,5,3,5,0,3,7,4,3,0,4,0,19
8,2423704010701,"Καλούσιον,το",71,0,3,0,8,5,3,5,0,3,7,4,3,0,4,0,19
7,24237040108,Δημοτική Κοινότητα Καταρράκτου,37,0,0,0,0,0,3,5,0,0,0,4,5,7,0,0,4
8,2423704010801,"Καταρράκτης,ο",37,0,0,0,0,0,3,5,0,0,0,4,5,7,0,0,4
7,24237040109,Δημοτική Κοινότητα Κριθαρακίων,65,0,3,4,3,5,0,4,0,3,7,9,4,5,0,5,16
8,2423704010901,"Κριθαράκια,τα",37,0,0,4,3,4,4,0,0,3,4,5,0,6,0,0,9
8,2423704010902,"Αστέριον,το",25,0,3,0,0,3,0,4,0,0,5,3,3,0,0,5,9
7,24237040110,Δημοτική Κοινότητα Λακκωμάτων,29,0,3,0,3,3,0,0,0,0,3,5,3,0,3,0,4
8,2423704011001,"Λακκώματα,τα",29,0,3,0,3,3,0,0,0,0,3,5,3,0,3,0,4
8,2423704011002,"Τσαπουρνιά,η",0,0,0,0,0,0,0,0,0,0,0,0,0,0,0,0,0
7,24237040111,Δημοτική Κοινότητα Μιραλίου,38,0,4,0,0,0,0,0,0,3,3,6,0,4,0,6,10
8,2423704011101,"Μιράλιον,το",38,0,4,0,0,0,0,0,0,3,3,6,0,4,0,6,10
7,24237040112,Δημοτική Κοινότητα Νέου Κομπηγαδίου,43,0,0,0,5,3,3,0,0,4,0,3,3,3,4,3,12
8,2423704011201,"Νέον Κομπηγάδιον,το",34,0,0,0,3,0,3,0,0,4,0,3,0,3,4,3,9
8,2423704011202,"Μίχας,ο",0,0,0,0,0,0,0,0,0,0,0,0,0,0,0,0,0
8,2423704011203,"Πλάτανος,ο",13,0,0,0,0,3,0,0,0,0,4,0,0,0,0,0,5
7,24237040113,Δημοτική Κοινότητα Πλατανόβρυσης,174,7,8,13,14,7,11,5,11,13,9,8,19,13,9,13,26
8,2423704011301,"Πλατανόβρυση,η",85,5,0,5,0,3,5,4,4,4,0,5,11,10,3,10,15
8,2423704011302,"Αγία Παρασκευή,η",13,0,0,0,5,3,0,0,0,3,0,0,0,0,0,0,3
8,2423704011303,"Κάτω Πλατανόβρυση,η",56,3,4,3,5,0,3,3,4,6,6,0,4,6,3,3,7
8,2423704011304,"Κοίμησις,η",24,0,0,0,7,0,3,0,0,0,3,0,8,0,0,0,3
7,24237040114,Δημοτική Κοινότητα Σταροχωρίου,178,7,17,12,7,7,7,9,14,13,19,4,8,8,7,6,32
8,2423704011401,"Άνω Σταροχώρι,το",37,5,0,4,0,0,0,4,0,0,6,3,3,3,3,6,4
8,2423704011402,"Δαφνούλα,η",100,3,10,10,5,3,7,3,10,13,7,5,8,0,9,3,15
8,2423704011403,"Κάτω Σταροχώρι,το",33,3,4,0,0,0,0,0,3,0,0,0,3,4,4,0,8
8,2423704011404,"Τρούσας,ο",4,0,0,0,0,0,0,0,0,0,0,0,0,3,0,0,4
7,24237040115,Δημοτική Κοινότητα Φαρών,239,12,12,21,15,6,17,13,15,17,20,18,12,14,12,13,29
8,2423704011501,"Φαραί,αι",227,12,12,21,14,6,12,12,13,17,20,18,12,13,9,10,28
8,2423704011502,"Πρέβεδος,ο",14,0,0,0,0,0,3,0,0,3,0,0,0,3,0,0,3
7,24237040116,Δημοτική Κοινότητα Χρυσοπηγής,50,4,0,0,0,3,7,0,0,0,3,0,4,6,0,3,5
8,2423704011601,"Χρυσοπηγή,η",35,4,0,0,0,3,7,0,0,0,0,3,4,6,0,0,5
8,2423704011602,"Άνω Χρυσοπηγή,η",12,0,0,0,0,4,0,0,0,0,3,0,0,0,0,0,3
6,242370402,ΔΗΜΟΤΙΚΗ ΕΝΟΤΗΤΑ ΚΑΛΕΝΤΖΙΟΥ,128,3,5,4,6,8,9,4,0,6,3,11,11,11,14,10,29
7,24237040201,Δημοτική Κοινότητα Καλεντζίου,128,3,5,4,6,8,9,4,0,6,3,11,11,11,14,10,29
8,2423704020101,"Άγιος Γεώργιος,ο",30,4,0,4,0,0,0,4,0,0,0,3,3,0,3,3,13
8,2423704020102,"Αβράμιον,το",17,0,0,0,0,3,0,0,3,0,0,3,0,0,3,5,0
8,2423704020103,"Καλέντζιον,το",31,0,0,5,0,0,0,0,0,3,3,0,4,4,0,3,4
8,2423704020104,"Μπαντσαίικα,τα",46,0,0,3,3,3,3,0,3,3,3,3,0,6,0,4,13
6,242370403,ΔΗΜΟΤΙΚΗ ΕΝΟΤΗΤΑ ΛΕΟΝΤΙΟΥ,217,9,12,9,10,7,12,15,7,19,9,17,18,21,13,12,28
7,24237040301,Δημοτική Κοινότητα Λεοντίου,181,8,10,3,7,7,12,12,4,16,9,14,14,17,13,12,25
8,2423704030101,"Λεόντιον,το",132,5,8,3,6,6,11,11,6,10,6,12,7,10,8,11,24
8,2423704030102,"Βεταίικα,τα",18,0,0,0,0,0,0,0,3,0,4,0,0,0,4,0,3
8,2423704030103,"Γολέμι,το",9,0,0,0,0,0,3,0,0,4,0,0,0,0,0,0,0
8,2423704030104,"Θωμέικα,τα",8,0,0,0,0,3,0,0,0,0,3,0,0,0,3,0,3
8,2423704030105,"Κατσαϊτέικα,τα",8,0,0,0,0,0,0,0,0,0,4,0,0,3,0,0,3
8,2423704030106,"Κουναβαίικα,τα",9,3,0,0,0,0,0,0,0,0,0,0,0,0,3,0,0
8,2423704030107,"Οβρυόκαμπος,ο",0,0,0,0,0,0,0,0,0,0,0,0,0,0,0,0,0
7,24237040302,Δημοτική Κοινότητα Άνω Μαζαράκι,10,0,0,0,3,0,4,0,0,0,0,0,3,0,3,0,0
8,2423704030201,"Άνω Μαζαράκιον,το",10,0,0,0,3,0,4,0,0,0,0,0,3,0,3,0,0
7,24237040303,Δημοτική Κοινότητα Δεμεστίχων,26,4,0,3,0,0,0,0,0,0,0,0,3,3,0,3,6
8,2423704030301,"Δεμέστιχα,τα",26,4,0,3,0,0,0,0,0,0,0,0,3,3,0,3,6
6,242370404,ΔΗΜΟΤΙΚΗ ΕΝΟΤΗΤΑ ΤΡΙΤΑΙΑΣ,1398,36,66,69,62,56,64,71,66,72,87,81,105,104,106,87,257
7,24237040401,Δημοτική Κοινότητα Σταυροδρομίου,125,4,7,6,7,3,9,8,10,11,7,8,8,15,9,6,13
8,2423704040101,"Σταυροδρόμιον,το",63,0,3,4,4,4,3,3,0,4,4,4,0,8,4,4,10
8,2423704040102,"Ξηροχώριον,το",23,0,4,0,0,0,0,3,0,0,0,5,4,4,0,3,0
8,2423704040103,"Πανουσαίικα,τα",19,3,3,0,0,0,0,0,3,0,0,0,4,0,0,0,0
8,2423704040104,"Ράχη,η",23,0,0,0,0,0,0,0,3,5,0,0,5,4,3,0,0
7,24237040402,Δημοτική Κοινότητα Αγίας Βαρβάρας,46,0,3,3,0,3,0,0,0,3,7,3,0,3,7,3,10
8,2423704040201,"Αγία Βαρβάρα,η",26,0,0,4,0,0,0,0,0,0,3,3,0,0,3,0,4
8,2423704040202,"Γάλαρος,ο",18,0,3,3,0,4,0,0,0,3,0,3,0,0,3,0,4
7,24237040403,Δημοτική Κοινότητα Αγίας Μαρίνης,23,0,0,0,0,0,0,0,0,0,5,0,3,4,3,3,7
8,2423704040301,"Αγία Μαρίνα,η",12,0,0,0,0,0,0,0,0,0,0,0,3,0,3,3,3
8,2423704040302,"Κάτω Αγία Μαρίνα,η",7,0,0,0,0,0,0,0,0,0,5,0,3,0,3,0,3
7,24237040404,Δημοτική Κοινότητα Αλεποχωρίου,105,6,5,6,0,8,9,7,9,3,8,0,8,14,5,0,23
8,2423704040401,"Άγιος Δημήτριος,ο",49,4,0,0,0,0,3,3,4,0,3,0,5,6,3,0,8
8,2423704040402,"Αλεποχώριον,το",54,4,3,6,0,3,4,3,8,4,3,0,0,6,0,4,11
7,24237040405,Δημοτική Κοινότητα Βελιμαχίου,29,0,0,3,3,0,3,0,3,3,3,4,0,0,4,0,0
8,2423704040501,"Βελιμάχιον,το",27,0,0,3,3,4,3,0,3,0,3,4,0,0,4,0,0
8,2423704040502,"Μονή Αγίων Πάντων,η",4,0,0,0,0,0,0,0,0,3,0,0,0,0,0,0,0
7,24237040406,Δημοτική Κοινότητα Δροσιάς,231,6,6,9,10,14,8,12,7,7,14,18,15,12,19,9,47
8,2423704040601,"Δροσιά,η",92,4,7,3,5,3,3,6,3,6,4,7,8,10,8,0,22
8,2423704040602,"Κάτω Δροσιά,η",72,3,0,4,4,0,6,3,3,3,0,7,7,4,7,4,11
8,2423704040603,"Κουμπέριον,το",31,0,3,4,0,0,0,3,0,0,0,8,0,4,6,3,4
8,2423704040604,"Πτέρη,η",34,0,4,0,5,5,0,3,0,0,3,4,0,3,3,0,8
7,24237040407,Δημοτική Κοινότητα Ερυμανθείας,97,5,11,0,3,0,5,10,5,6,4,11,12,4,5,5,17
8,2423704040701,"Ερυμάνθεια,η",97,5,11,0,3,0,5,10,5,6,4,11,12,4,5,5,17
7,24237040408,Δημοτική Κοινότητα Κάλφα,88,3,4,0,13,6,5,0,3,7,3,0,4,3,10,4,19
8,2423704040801,"Κάλφας,ο",76,3,4,4,11,6,5,0,3,7,3,0,7,3,3,6,14
8,2423704040802,"Μασουραίικα,τα",10,0,0,0,0,0,0,0,3,3,0,0,0,0,4,0,3
7,24237040409,Δημοτική Κοινότητα Μανεσίου Πατρών,143,0,4,4,10,6,7,10,7,14,9,5,10,3,16,17,22
8,2423704040901,"Μανέσιον,το",56,3,3,4,0,4,3,3,0,7,4,4,3,0,8,9,7
8,2423704040902,"Γολέμιον,το",35,0,3,0,5,0,0,0,3,4,0,3,3,0,0,3,9
8,2423704040903,"Κάτω Μαστραντώνιον,το",38,0,3,3,0,0,0,3,3,3,5,4,5,3,5,0,6
8,2423704040904,"Μαστραντώνης,ο",12,0,0,0,0,0,0,0,3,0,3,0,3,0,0,4,3
7,24237040410,Δημοτική Κοινότητα Ρουπακιάς,56,0,0,3,0,0,4,3,3,0,5,0,6,8,5,7,17
8,2423704041001,"Ρουπακιά,η",56,0,0,3,0,0,4,3,3,0,5,0,6,8,5,7,17
7,24237040411,Δημοτική Κοινότητα Σκιαδά,249,5,18,12,10,7,11,16,15,13,9,19,17,13,19,15,55
8,2423704041101,"Σκιαδάς,ο",150,3,13,12,10,7,6,5,10,7,7,12,3,3,11,12,36
8,2423704041102,"Καρπέτα,το",47,0,0,3,0,0,3,4,4,3,3,5,7,5,7,0,9
8,2423704041103,"Μονή Κοιμήσεως Θεοτόκου Νοτενών,η",0,0,0,0,0,0,0,0,0,0,0,0,0,0,0,0,0
8,2423704041104,"Μπαράκες,οι",27,0,0,0,0,0,4,3,0,3,0,0,6,3,3,0,5
8,2423704041105,"Πηγάδια,τα",23,0,0,3,0,0,0,0,0,0,0,0,4,4,0,3,8
7,24237040412,Δημοτική Κοινότητα Σκούρα,55,0,0,3,3,5,3,0,6,0,6,5,7,3,0,0,7
8,2423704041201,"Σκούρας,ο",46,0,0,3,3,5,3,0,4,0,6,3,3,3,0,0,7
8,2423704041202,"Καρδάσι,το",7,0,3,0,0,0,0,0,0,0,0,0,3,0,0,0,0
7,24237040413,Δημοτική Κοινότητα Σπαρτιάς,85,0,8,3,3,5,0,3,0,7,0,4,3,10,7,12,12
8,2423704041301,"Σπαρτιά,η",30,0,4,0,0,0,3,0,0,4,3,0,0,3,3,4,4
8,2423704041302,"Κυπαρίσσιον,το",51,0,0,3,3,5,0,4,0,5,0,3,3,6,7,5,6
7,24237040414,Δημοτική Κοινότητα Χιόνας,72,3,3,0,3,8,5,3,3,3,6,0,6,6,6,0,13
8,2423704041401,"Χιόνα,η",72,3,3,0,3,8,5,3,3,3,6,0,6,6,6,0,13
5,2423705,ΔΗΜΟΣ ΚΑΛΑΒΡΥΤΩΝ,4409,139,152,169,166,162,208,190,218,227,254,275,321,328,343,284,966
6,242370501,ΔΗΜΟΤΙΚΗ ΕΝΟΤΗΤΑ ΚΑΛΑΒΡΥΤΩΝ,2377,92,98,108,102,98,130,107,127,137,160,163,165,143,164,145,444
7,24237050101,Δημοτική Κοινότητα Καλαβρύτων,869,47,36,43,39,29,52,45,63,59,61,70,57,50,47,47,131
8,2423705010101,"Καλάβρυτα,τα",823,47,37,36,39,27,53,42,63,49,60,59,54,46,43,48,119
8,2423705010102,"Αυλών,ο",15,0,0,0,0,0,0,0,0,0,0,0,4,0,0,0,5
8,2423705010103,"Βραχνίον,το",5,3,0,0,0,0,0,0,0,3,0,0,0,0,0,0,0
8,2423705010104,"Κραστικοί,οι",20,0,0,0,0,5,0,0,0,3,3,4,0,0,0,3,6
8,2423705010105,"Μονή Αγίας Λαύρας,η",0,0,0,0,0,0,0,0,0,0,0,0,0,0,0,0,0
8,2423705010106,"Σούβαρδον,το",3,0,0,0,0,0,0,0,0,0,0,0,0,0,0,0,4
8,2423705010107,"Στάση Κερπινής,η",6,0,0,0,0,0,0,0,0,0,3,0,0,0,0,0,3
7,24237050102,Δημοτική Κοινότητα Άνω Βλασίας,54,0,3,3,0,4,3,3,5,4,3,0,3,3,5,3,4
8,2423705010201,"Άνω Βλασία,η",54,0,3,3,0,4,3,3,5,4,3,0,3,3,5,3,4
7,24237050103,Δημοτική Κοινότητα Άνω Λουσών,42,0,0,0,3,5,3,0,3,0,4,4,0,3,0,0,16
8,2423705010301,"Άνω Λουσοί,οι",42,0,0,0,3,4,3,0,3,0,4,4,0,3,0,0,16
8,2423705010302,"Βαλβούσια,τα",3,0,0,0,0,4,0,0,0,0,0,0,0,0,0,0,0
7,24237050104,Δημοτική Κοινότητα Βάλτας,24,0,0,0,0,0,4,0,0,0,0,0,4,0,4,3,6
8,2423705010401,"Βάλτα,η",24,0,0,0,0,0,4,0,0,0,0,0,4,0,4,3,6
7,24237050105,Δημοτική Κοινότητα Βιλιβίνης,14,0,0,0,0,0,0,4,0,0,0,0,0,4,0,3,4
8,2423705010501,"Βιλιβίνα,η",14,0,0,0,0,0,0,4,0,0,0,0,0,4,0,3,4
7,24237050106,Δημοτική Κοινότητα Γουμένισσας,90,6,3,7,4,3,7,6,10,5,6,9,4,4,4,3,13
8,2423705010601,"Γουμένισσα,η",90,6,3,7,4,3,7,6,10,5,6,9,4,4,4,3,13
7,24237050107,Δημοτική Κοινότητα Δουμενών,21,0,5,3,0,0,0,0,3,3,0,3,0,3,5,0,0
8,2423705010701,"Δουμενά,τα",21,0,5,3,0,0,0,0,3,3,0,3,0,3,5,0,0
7,24237050108,Δημοτική Κοινότητα Δροσάτου,63,4,5,3,3,0,3,0,3,4,0,3,4,5,8,4,16
8,2423705010801,"Δροσάτον,το",63,4,5,3,3,0,3,0,3,4,0,3,4,5,8,4,16
7,24237050109,Δημοτική Κοινότητα Καλλιφωνίου,25,0,0,0,0,3,3,0,0,4,0,0,3,0,3,3,9
8,2423705010901,"Καλλιφώνιον,το",25,0,0,0,0,3,3,0,0,4,0,0,3,0,3,3,9
7,24237050110,Δημοτική Κοινότητα Κανδάλου,38,3,0,0,0,3,3,4,0,3,0,4,0,3,0,7,8
8,2423705011001,"Κάνδαλος,ο",38,3,0,0,0,3,3,4,0,3,0,4,0,3,0,7,8
7,24237050111,Δημοτική Κοινότητα Κάτω Βλασίας,28,0,0,0,0,3,0,0,3,7,3,4,0,3,3,5,6
8,2423705011101,"Κάτω Βλασία,η",30,0,0,0,0,3,0,0,3,7,3,3,0,3,3,3,6
8,2423705011102,"Μενυχταίικα,τα",0,0,0,0,0,0,0,0,0,0,0,0,0,0,0,0,0
8,2423705011103,"Μετόχιον,το",0,0,0,0,0,0,0,0,0,0,0,0,0,0,0,0,0
8,2423705011104,"Μονή Αγίου Νικολάου Βλασίας,η",0,0,0,0,0,0,0,0,0,0,0,0,0,0,0,0,0
7,24237050112,Δημοτική Κοινότητα Κάτω Ζαχλωρούς,18,0,4,0,0,3,0,3,0,0,0,0,0,3,0,0,4
8,2423705011201,"Κάτω Ζαχλωρού,η",18,0,4,0,0,3,0,3,0,0,0,0,0,3,0,0,4
8,2423705011202,"Άνω Ζαχλωρού,η",0,0,0,0,0,0,0,0,0,0,0,0,0,0,0,0,0
8,2423705011203,"Μονή Μεγάλου Σπηλαίου,η",0,0,0,0,0,0,0,0,0,0,0,0,0,0,0,0,0
7,24237050113,Δημοτική Κοινότητα Κάτω Λουσών,28,0,0,3,0,0,0,3,0,0,0,0,3,0,0,3,9
8,2423705011301,"Κάτω Λουσοί,οι",28,0,0,3,0,0,0,3,0,0,0,0,3,0,0,3,9
8,2423705011302,"Λουσικόν,το",0,0,0,0,0,0,0,0,0,0,0,0,0,0,0,0,0
7,24237050114,Δημοτική Κοινότητα Κερπινής,49,0,3,0,3,3,4,0,3,6,4,3,0,4,3,0,13
8,2423705011401,"Κερπινή,η",49,0,3,0,3,3,4,0,3,6,4,3,0,4,3,0,13
7,24237050115,Δημοτική Κοινότητα Κερτέζης,151,5,3,3,10,10,7,6,7,5,7,6,13,14,11,11,33
8,2423705011501,"Κέρτεζη,η",151,5,3,3,10,10,7,6,7,5,7,6,13,14,11,11,33
7,24237050116,Δημοτική Κοινότητα Κορφών,31,4,5,0,4,5,0,0,0,3,3,3,3,7,3,3,3
8,2423705011601,"Κορφαί,αι",31,4,5,0,4,5,0,0,0,3,3,3,3,7,3,3,3
7,24237050117,Δημοτική Κοινότητα Κούτελης,29,0,0,0,0,4,3,0,3,0,0,3,0,0,0,0,10
8,2423705011701,"Κούτελη,η",27,0,0,0,0,3,3,0,3,0,0,4,0,0,0,0,10
8,2423705011702,"Παλαιά Κούτελη,η",4,0,0,0,0,0,0,0,0,0,0,0,0,0,0,0,0
7,24237050118,Δημοτική Κοινότητα Κρυονερίου,34,0,0,3,0,3,4,0,0,0,3,0,6,0,10,3,8
8,2423705011801,"Κρυονέριον,το",34,0,0,3,0,3,4,0,0,0,3,0,6,0,10,3,8
7,24237050119,Δημοτική Κοινότητα Λαγοβουνίου,29,0,0,0,0,3,3,0,3,0,0,3,3,0,0,0,12
8,2423705011901,"Λαγοβούνιον,το",29,0,0,0,0,3,3,0,3,0,0,3,3,0,0,0,12
7,24237050120,Δημοτική Κοινότητα Λαπαναγών,8,0,0,0,0,3,0,0,0,0,3,0,0,0,0,0,0
8,2423705012001,"Λαπαναγοί,οι",8,0,0,0,0,3,0,0,0,0,3,0,0,0,0,0,0
7,24237050121,Δημοτική Κοινότητα Μανεσίου Καλαβρύτων,82,3,0,0,4,3,8,3,4,4,4,3,7,3,11,6,14
8,2423705012101,"Μανέσιον,το",69,3,0,0,4,3,8,3,4,4,4,3,6,3,8,3,12
8,2423705012102,"Μπούμπουκας,ο",16,0,0,0,0,0,0,0,0,0,0,0,3,0,5,0,5
7,24237050122,Δημοτική Κοινότητα Μικρού Ποντιά,107,3,4,4,13,5,4,4,9,5,4,0,8,9,17,6,18
8,2423705012201,"Μικρός Ποντιάς,ο",38,0,3,0,4,4,0,4,4,0,3,0,4,4,7,0,4
8,2423705012202,"Καρούσιον,το",31,3,3,0,5,4,0,0,3,3,0,0,3,3,4,3,0
8,2423705012203,"Λομποκάς,ο",17,0,3,3,5,3,0,0,3,0,0,0,0,3,3,0,0
8,2423705012204,"Μέγας Ποντιάς,ο",22,0,0,4,3,0,0,0,3,0,3,0,0,0,4,3,5
7,24237050123,Δημοτική Κοινότητα Πετσάκων,55,0,5,8,4,4,3,4,4,0,4,3,5,3,3,3,8
8,2423705012301,"Πετσάκοι,οι",40,0,0,3,4,4,3,5,0,0,4,3,6,3,3,3,5
8,2423705012302,"Μπόσι,το",12,0,3,3,0,0,0,3,0,0,0,0,0,0,0,0,0
7,24237050124,Δημοτική Κοινότητα Πλατανιωτίσσης,32,3,0,3,3,0,0,0,4,0,0,3,0,3,0,0,8
8,2423705012401,"Πλατανιώτισσα,η",28,3,0,3,3,0,0,0,4,0,0,3,0,3,0,0,8
8,2423705012402,"Δίγελα,η",0,0,0,0,0,0,0,0,0,0,0,0,0,0,0,0,0
7,24237050125,Δημοτική Κοινότητα Πριολίθου,64,3,3,3,3,4,3,0,0,7,8,5,3,0,6,3,17
8,2423705012501,"Πριόλιθος,ο",64,3,3,3,3,4,3,0,0,7,8,5,3,0,6,3,17
7,24237050126,Δημοτική Κοινότητα Προφήτου Ηλιού,24,5,0,3,0,0,3,3,0,0,4,0,0,3,3,3,7
8,2423705012601,"Προφήτης Ηλίας,ο",13,5,0,0,0,0,3,3,0,0,0,0,0,0,0,0,3
8,2423705012602,"Μουρίκιον,το",9,0,0,3,0,0,0,3,0,0,4,0,0,0,3,3,3
7,24237050127,Δημοτική Κοινότητα Ρωγών,22,0,0,0,0,0,0,0,0,4,0,0,0,4,6,3,4
8,2423705012701,"Ρωγοί,οι",22,0,0,0,0,0,0,0,0,4,0,0,0,4,6,3,4
7,24237050128,Δημοτική Κοινότητα Σιγουνίου,24,0,0,3,0,3,0,3,0,3,0,3,0,0,0,0,6
8,2423705012801,"Σιγούνιον,το",20,0,0,3,0,3,0,3,0,3,0,0,0,0,0,0,6
8,2423705012802,"Λεύκη,η",3,0,0,0,0,0,0,0,0,0,0,0,0,0,0,0,0
7,24237050129,Δημοτική Κοινότητα Σκεπαστού,249,10,11,21,10,8,4,14,11,13,27,15,23,14,12,16,45
8,2423705012901,"Σκεπαστόν,το",249,10,11,21,10,8,4,14,11,13,27,15,23,14,12,16,45
7,24237050130,Δημοτική Κοινότητα Τρεχλού,45,0,0,0,5,0,0,4,0,5,0,3,6,8,6,5,14
8,2423705013001,"Τρεχλόν,το",31,0,0,0,0,0,0,4,0,0,0,5,3,0,4,4,10
8,2423705013002,"Λαπάθεια,η",17,0,0,0,3,0,0,0,0,3,0,3,0,4,0,0,3
7,24237050131,Δημοτική Κοινότητα Φλαμπούρων,23,0,0,4,0,0,0,3,0,3,5,0,0,0,0,3,3
8,2423705013101,"Φλάμπουρα,τα",13,0,0,0,0,0,0,3,0,0,0,0,0,0,0,0,3
8,2423705013102,"Νεοχώριον,το",0,0,0,0,0,0,0,0,0,3,5,0,0,0,0,0,0
8,2423705013103,"Ορθολίθιον,το",4,0,0,0,0,0,0,0,0,0,0,0,0,0,0,3,0
6,242370502,ΔΗΜΟΤΙΚΗ ΕΝΟΤΗΤΑ ΑΡΟΑΝΙΑΣ,589,13,19,17,17,18,25,21,24,28,26,28,45,68,57,48,122
7,24237050201,Δημοτική Κοινότητα Ψωφίδος,141,3,12,6,8,0,7,8,7,4,7,9,14,4,15,10,24
8,2423705020101,"Τριπόταμα,τα",18,0,3,0,0,0,0,0,0,0,3,3,0,3,0,3,3
8,2423705020102,"Άνω Τριπόταμα,τα",31,0,6,3,0,0,3,3,3,0,0,0,4,3,0,0,6
8,2423705020103,"Άνω Ψωφίς,η",13,3,0,3,3,0,0,0,3,4,0,0,0,0,0,3,0
8,2423705020104,"Βασιλική,η",3,0,0,0,0,0,0,0,0,0,0,0,0,0,0,3,0
8,2423705020105,"Κάτω Τριπόταμα,τα",58,0,4,0,4,0,0,3,4,5,4,5,6,0,3,5,9
8,2423705020106,"Ψωφίς,η",21,0,0,0,3,0,3,0,0,0,3,3,3,0,3,0,4
7,24237050202,Δημοτική Κοινότητα Αγραμπέλων,54,0,0,0,3,5,0,0,3,0,0,8,4,9,11,6,10
8,2423705020201,"Πλατανίτσα,η",33,0,0,0,3,0,0,0,5,0,0,0,3,4,5,7,3
8,2423705020202,"Αγράμπελα,τα",19,0,0,0,0,5,0,0,0,0,0,4,3,7,3,3,4
7,24237050203,Δημοτική Κοινότητα Αγριδίου,28,5,0,0,0,3,0,0,0,0,0,0,0,4,5,3,7
8,2423705020301,"Αγρίδιον,το",28,5,0,0,0,3,0,0,0,0,0,0,0,4,5,3,7
7,24237050204,Δημοτική Κοινότητα Αλεσταίνης,6,0,0,0,0,0,0,0,0,0,0,0,0,0,0,0,4
8,2423705020401,"Αλέσταινα,η",6,0,0,0,0,0,0,0,0,0,0,0,0,0,0,0,4
7,24237050205,Δημοτική Κοινότητα Αναστάσεως,32,0,0,0,3,0,0,0,4,3,3,0,3,0,0,5,8
8,2423705020501,"Ανάστασις,η",25,0,0,0,0,0,0,0,3,0,0,0,3,0,0,5,9
8,2423705020502,"Μονή Αγίων Θεοδώρων,η",5,0,0,0,0,0,0,3,0,0,0,0,0,0,0,0,0
7,24237050206,Δημοτική Κοινότητα Αροανίας,19,0,0,0,0,0,0,4,0,0,3,0,0,3,3,4,9
8,2423705020601,"Αροανία,η",19,0,0,0,0,0,0,4,0,0,3,0,0,3,3,4,9
7,24237050207,Δημοτική Κοινότητα Δεσινού,10,0,0,0,0,0,0,0,0,3,0,0,0,3,0,5,4
8,2423705020701,"Δεσινόν,το",10,0,0,0,0,0,0,0,0,3,0,0,0,3,0,5,4
7,24237050208,Δημοτική Κοινότητα Καμενιάνων,29,4,0,0,0,0,4,0,0,3,0,0,4,6,5,3,6
8,2423705020801,"Καμενιάνοι,οι",22,4,0,0,0,0,4,0,0,3,0,0,0,3,5,3,4
8,2423705020802,"Δροβολοβόν,το",5,0,0,0,0,0,0,0,0,0,0,0,0,0,0,0,4
7,24237050209,Δημοτική Κοινότητα Λεχουρίου,78,0,0,0,0,0,7,9,0,4,9,4,7,11,11,5,18
8,2423705020901,"Λεχούριον,το",60,0,0,0,0,0,6,9,0,0,4,0,6,10,11,3,12
8,2423705020902,"Κερασέα,η",15,0,0,3,0,0,3,0,0,0,0,0,3,3,0,0,4
7,24237050210,Δημοτική Κοινότητα Λιβαρτζίου,64,3,0,0,0,5,3,3,3,3,4,4,9,7,7,4,14
8,2423705021001,"Λιβάρτζιον,το",50,4,0,0,0,5,0,3,0,0,0,3,4,4,7,0,10
8,2423705021002,"Λιβάδιον,το",3,0,0,0,0,0,0,0,0,0,0,0,0,0,0,0,4
8,2423705021003,"Λιβαρτζινόν,το",14,0,0,0,0,0,3,0,0,3,0,0,3,0,0,0,0
7,24237050211,Δημοτική Κοινότητα Πλάκας,37,0,0,0,0,3,5,0,0,5,0,3,4,8,4,0,4
8,2423705021101,"Πλάκα,η",37,0,0,0,0,3,5,0,0,5,0,3,4,8,4,0,4
7,24237050212,Δημοτική Κοινότητα Σειρών,94,3,0,3,7,7,5,3,6,10,4,7,5,10,3,4,16
8,2423705021201,"Σειραί,αι",22,0,0,3,0,0,0,0,4,3,0,0,3,5,3,3,6
8,2423705021202,"Άγιοι Θεόδωροι,οι",4,0,0,0,0,0,0,0,0,0,0,0,0,0,0,0,0
8,2423705021203,"Άγιος Γεώργιος,ο",27,0,0,0,0,0,0,3,0,3,0,0,0,3,0,0,6
8,2423705021204,"Θωμαίϊκα,τα",17,0,0,0,0,7,0,0,0,5,0,0,0,0,0,0,0
8,2423705021205,"Κρήνη,η",23,3,0,0,3,0,0,3,3,4,0,0,3,3,0,4,4
6,242370503,ΔΗΜΟΤΙΚΗ ΕΝΟΤΗΤΑ ΚΛΕΙΤΟΡΟΣ,954,28,22,24,31,27,36,44,44,43,47,59,77,74,77,71,248
7,24237050301,Δημοτική Κοινότητα Κλειτορίας,324,17,7,16,15,12,6,22,16,30,19,24,23,26,18,18,63
8,2423705030101,"Κλειτορία,η",303,15,7,16,16,7,6,22,16,25,19,18,18,20,18,19,58
8,2423705030102,"Βάλτος,ο",0,0,0,0,0,0,0,0,0,0,0,0,0,0,0,0,0
8,2423705030103,"Ελατόφυτον,το",9,0,0,0,3,0,0,0,0,3,0,0,0,0,0,0,0
8,2423705030104,"Ζαρέλια,τα",0,0,0,0,0,0,0,0,0,0,0,0,0,0,0,0,0
8,2423705030105,"Καλλιθέα,η",16,0,0,0,0,3,0,0,0,0,0,3,0,0,0,0,7
7,24237050302,Δημοτική Κοινότητα Αγίου Νικολάου,34,0,0,3,0,0,6,3,3,0,0,0,4,0,5,0,4
8,2423705030201,"Άγιος Νικόλαος,ο",34,0,0,3,0,0,6,3,3,0,0,0,4,0,5,0,4
7,24237050303,Δημοτική Κοινότητα Άνω Κλειτορίας,15,0,0,0,0,0,0,0,0,0,0,0,3,3,3,0,4
8,2423705030301,"Άνω Κλειτορία,η",15,0,0,0,0,0,0,0,0,0,0,0,3,3,3,0,4
7,24237050304,Δημοτική Κοινότητα Άρμπουνα,15,0,0,0,0,0,0,0,0,0,0,0,3,0,4,0,9
8,2423705030401,"Άρμπουνας,ο",15,0,0,0,0,0,0,0,0,0,0,0,3,0,4,0,9
7,24237050305,Δημοτική Κοινότητα Γλάστρας,27,3,0,0,0,0,4,0,3,0,0,0,0,0,4,3,9
8,2423705030501,"Άγιος Βλάσιος,ο",21,3,0,0,0,0,3,0,3,0,0,0,0,0,4,3,4
8,2423705030502,"Γλάστρα,η",3,3,0,0,0,0,0,0,3,0,0,0,0,0,0,0,3
7,24237050306,Δημοτική Κοινότητα Δρυμού,32,0,0,3,0,4,3,0,0,0,0,0,3,9,3,8,8
8,2423705030601,"Δρυμός,ο",19,0,0,0,0,0,0,0,0,0,0,0,0,7,3,5,8
8,2423705030602,"Κάτω Δρυμός,ο",16,0,0,3,0,4,3,0,0,0,0,0,4,0,0,0,3
7,24237050307,Δημοτική Κοινότητα Καστελλίου,11,0,0,0,0,0,0,0,0,0,0,0,0,3,0,0,8
8,2423705030701,"Καστέλλιον,το",11,0,0,0,0,0,0,0,0,0,0,0,0,3,0,0,8
7,24237050308,Δημοτική Κοινότητα Καστρίων,32,0,0,0,0,3,0,4,0,0,3,4,5,0,3,0,10
8,2423705030801,"Καστρία,τα",32,0,0,0,0,3,0,4,0,0,3,4,5,0,3,0,10
7,24237050309,Δημοτική Κοινότητα Κλείτορος,20,0,0,0,0,0,0,0,0,0,0,3,0,0,0,3,12
8,2423705030901,"Κλείτωρ,ο",20,0,0,0,0,0,0,0,0,0,0,3,0,0,0,3,12
7,24237050310,Δημοτική Κοινότητα Κρινοφύτων,50,0,0,0,0,3,3,0,4,0,5,7,4,0,4,5,13
8,2423705031001,"Κρινόφυτα,τα",50,0,0,0,0,3,3,0,4,0,5,7,4,0,4,5,13
7,24237050311,Δημοτική Κοινότητα Λευκασίου,35,0,0,0,0,3,3,3,0,0,4,3,0,7,4,3,7
8,2423705031101,"Λευκάσιον,το",35,0,0,0,0,3,3,3,0,0,4,3,0,7,4,3,7
7,24237050312,Δημοτική Κοινότητα Λυκουρίας,147,3,3,4,3,10,10,8,8,4,9,13,17,7,6,10,36
8,2423705031201,"Λυκουρία,η",145,3,3,4,3,10,10,8,8,4,9,13,15,7,6,10,36
8,2423705031202,"Κερασιά,η",0,0,0,0,0,0,0,0,0,0,0,0,0,0,3,0,0
7,24237050313,Δημοτική Κοινότητα Παγκρατίου,44,0,0,0,6,3,0,0,0,0,3,0,0,3,6,0,19
8,2423705031301,"Παγκράτιον,το",29,0,0,0,3,0,0,0,0,0,0,4,0,0,3,3,15
8,2423705031302,"Παγκραταίικα Καλύβια,τα",14,0,0,0,0,3,0,0,0,0,0,0,0,0,0,0,5
8,2423705031303,"Σελλά,τα",0,0,0,0,0,0,0,0,0,0,0,0,0,0,0,0,3
8,2423705031304,"Στενόν,το",3,0,0,0,0,0,0,0,0,0,0,0,0,0,0,3,0
7,24237050314,Δημοτική Κοινότητα Πλανητέρου,74,0,3,0,4,0,3,3,6,0,3,0,6,8,5,9,14
8,2423705031401,"Πλανητέρον,το",74,0,3,0,4,0,3,3,6,0,3,0,6,8,5,9,14
7,24237050315,Δημοτική Κοινότητα Τουρλάδας,17,0,0,0,0,0,0,0,4,0,0,0,0,3,4,5,8
8,2423705031501,"Τουρλάδα,η",17,0,0,0,0,0,0,0,4,0,0,0,0,3,4,5,8
7,24237050316,Δημοτική Κοινότητα Φιλίων,78,3,3,0,0,0,0,0,3,3,3,9,7,6,8,6,26
8,2423705031601,"Φίλια,τα",46,0,0,0,0,0,0,3,3,0,0,4,8,5,9,3,18
8,2423705031602,"Άγιοι Θεόδωροι,οι",3,0,0,0,0,0,0,0,0,0,0,0,0,0,0,0,3
8,2423705031603,"Ζευγολατιόν,το",0,0,0,0,0,0,0,0,0,0,0,0,0,0,0,0,4
8,2423705031604,"Καλύβια,τα",22,0,5,0,0,0,0,0,0,3,0,5,3,0,3,0,9
8,2423705031605,"Μονή Αγίου Αθανασίου,η",0,0,0,0,0,0,0,0,0,0,0,0,0,0,0,0,0
6,242370504,ΔΗΜΟΤΙΚΗ ΕΝΟΤΗΤΑ ΠΑΪΩΝ,486,14,10,17,13,22,15,21,21,17,24,21,33,41,43,19,150
7,24237050401,Δημοτική Κοινότητα Δάφνης,236,5,3,7,7,10,11,10,7,8,13,12,14,24,25,11,70
8,2423705040101,"Δάφνη,η",236,5,3,7,7,10,11,10,7,8,13,12,14,24,25,11,70
7,24237050402,Δημοτική Κοινότητα Αμυγδαλέας,17,0,0,3,3,0,0,0,0,0,0,0,0,4,3,0,11
8,2423705040201,"Αμυγδαλέα,η",17,0,0,3,3,0,0,0,0,0,0,0,0,4,3,0,11
7,24237050403,Δημοτική Κοινότητα Νασίων,9,0,0,0,0,0,0,0,0,0,0,0,0,0,0,0,3
8,2423705040301,"Νάσια,τα",9,0,0,0,0,0,0,0,0,0,0,0,0,0,0,0,3
7,24237050404,Δημοτική Κοινότητα Πάου,131,4,4,6,8,13,3,6,7,4,4,10,7,11,6,3,34
8,2423705040401,"Πάος,ο",5,0,0,0,0,0,0,0,0,0,0,0,0,0,0,0,3
8,2423705040402,"Βεσίνιον,το",3,0,0,0,0,0,0,0,0,0,0,0,0,0,0,0,0
8,2423705040403,"Δεχουναίικα,τα",4,0,0,0,0,0,0,0,0,0,0,0,0,3,0,0,5
8,2423705040404,"Παλαιός Πάος,ο",106,0,4,4,5,13,3,4,7,4,5,8,7,7,7,3,21
8,2423705040405,"Ποταμιά,η",9,0,0,0,0,0,0,0,0,0,0,0,3,0,0,0,3
7,24237050405,Δημοτική Κοινότητα Πεύκου,16,0,0,0,0,0,0,0,0,0,0,0,0,0,0,4,14
8,2423705040501,"Πεύκον,το",16,0,0,0,0,0,0,0,0,0,0,0,0,0,0,4,14
7,24237050406,Δημοτική Κοινότητα Σκοτάνης,36,0,0,0,3,3,3,4,3,3,0,0,5,0,3,3,5
8,2423705040601,"Σκοτάνη,η",15,0,0,0,0,0,0,3,0,0,0,0,5,0,0,0,5
8,2423705040602,"Άγιος Γεώργιος,ο",23,0,0,0,3,3,3,4,0,3,0,0,3,0,4,3,0
7,24237050407,Δημοτική Κοινότητα Χόβολης,38,0,0,0,0,0,0,3,3,0,0,0,0,3,3,0,18
8,2423705040701,"Κάτω Χόβολη,η",38,0,0,0,0,0,0,3,3,0,0,0,0,3,3,0,18
8,2423705040702,"Άνω Χόβολη,η",0,0,0,0,0,0,0,0,0,0,0,0,0,0,0,0,0
