step,R_SAR15,U_SAR15,R_SAR20,U_SAR20,R_SAR25,U_SAR25,R_SAR30,U_SAR30
0,7.2,6.98,7.24,7.02,7.26,7.1,7.38,7.22
1,4.96,4.74,4.96,4.82,5.14,4.88,5.38,5.1
2,6.88,7.02,6.76,7.2,6.84,7.36,6.86,8.0
3,8.22,8.44,8.8,8.26,9.0,8.48,9.44,8.36
4,9.54,9.6,9.58,10.18,9.32,10.52,9.74,10.06
5,9.46,9.44,10.06,9.04,10.4,10.22,10.58,10.46
6,9.32,10.1,10.2,11.18,10.36,10.98,11.18,10.86
7,8.24,7.3,8.24,8.52,8.96,9.98,9.56,10.82
8,7.2,6.9,8.68,8.24,8.48,9.14,9.96,9.28
9,7.66,7.98,8.08,9.48,8.9,10.12,9.96,11.28
10,7.5,8.42,8.94,10.04,9.86,10.98,10.82,13.8
11,8.7,10.22,9.2,11.48,11.26,12.7,12.8,15.76
12,9.92,10.4,10.18,13.22,11.64,15.4,14.6,19.8
13,10.16,13.92,12.4,15.44,14.54,17.4,16.1,23.92
14,11.06,14.92,14.88,18.1,16.58,22.14,20.36,24.82
15,12.54,18.08,16.56,20.34,18.88,26.1,22.86,32.2
16,15.16,20.34,20.24,24.2,21.62,29.26,28.62,35.66
17,16.8,23.06,21.84,26.94,25.22,34.9,32.44,42.76
18,19.8,25.74,24.9,31.12,30.44,39.98,34.52,48.18
19,20.86,29.24,27.24,34.02,33.3,44.4,42.56,55.1
20,26.16,30.84,30.8,39.82,39.98,49.6,45.96,65.76
21,27.1,34.4,33.38,44.18,45.3,54.4,53.32,70.8
22,31.76,37.74,39.8,52.44,49.92,63.2,59.64,85.92
23,34.24,42.76,44.0,54.84,55.58,69.82,65.7,98.06
24,38.12,49.06,49.88,65.48,60.24,79.12,75.12,110.08
25,42.9,53.56,53.62,69.26,68.86,94.16,80.68,124.02
26,44.24,59.68,61.04,79.82,75.36,107.44,94.28,148.02
27,49.66,62.82,70.28,91.06,86.76,117.88,106.18,170.2
28,55.02,73.64,74.6,103.5,94.08,135.12,117.56,193.32
29,57.5,81.72,83.06,111.96,100.48,157.02,131.14,219.92
30,67.9,89.4,94.34,134.56,116.54,179.36,150.36,251.16
31,73.14,100.38,103.96,148.98,124.36,202.04,169.68,293.3
32,80.82,112.9,114.88,172.14,142.18,227.92,185.3,334.5
33,88.86,125.6,129.68,187.92,157.8,266.08,207.66,385.96
34,96.08,141.46,139.54,209.54,175.24,295.98,229.68,446.26
35,108.56,156.78,158.2,233.7,194.88,341.74,256.28,508.96
36,121.22,170.74,170.46,266.08,221.06,388.76,279.58,579.76
37,135.22,194.4,195.84,300.54,247.76,448.58,314.88,664.22
38,151.26,214.84,214.46,340.5,268.56,510.98,349.08,746.6
39,157.9,240.82,234.76,376.48,297.62,565.18,394.34,856.06
40,174.26,266.3,265.0,420.76,326.14,635.32,431.12,978.78
41,193.36,295.9,292.08,477.28,366.76,728.74,474.9,1102.44
42,205.4,330.66,320.0,536.38,409.42,827.4,526.8,1259.9
43,233.12,359.7,350.18,593.62,447.22,934.2,584.92,1424.72
44,251.58,397.44,379.18,677.14,496.92,1044.98,651.24,1619.56
45,274.6,446.9,419.68,765.6,550.88,1181.2,719.94,1821.26
46,304.32,499.72,469.82,849.6,614.38,1336.6,810.28,2057.52
47,328.4,548.42,508.48,950.96,672.22,1490.56,885.8,2306.28
48,360.42,603.82,565.36,1059.08,742.94,1676.4,979.92,2571.08
49,398.8,672.24,618.32,1174.1,812.66,1850.76,1078.12,2870.14
50,432.82,742.44,678.24,1310.74,912.58,2078.42,1191.16,3167.78
51,473.22,817.78,750.64,1441.74,991.36,2283.82,1324.82,3491.98
52,509.98,900.26,819.64,1615.7,1101.84,2526.3,1441.56,3836.56
53,564.2,992.3,902.08,1779.4,1207.06,2793.02,1586.88,4179.06
54,613.32,1094.5,976.82,1962.82,1322.16,3074.46,1739.2,4516.02
55,669.34,1205.62,1078.82,2147.52,1457.26,3371.32,1920.9,4850.42
56,730.4,1333.58,1185.48,2365.34,1592.48,3643.74,2123.06,5132.32
57,797.24,1465.44,1279.04,2580.58,1734.14,3968.56,2298.46,5433.44
58,864.12,1593.54,1399.44,2817.06,1894.88,4247.78,2474.58,5667.04
59,943.36,1738.06,1528.7,3047.92,2053.08,4523.08,2705.06,5856.42
60,1029.28,1906.2,1667.06,3309.06,2241.02,4791.16,2918.34,6002.54
61,1120.98,2051.66,1792.04,3546.1,2418.32,5049.38,3127.58,6094.0
62,1208.8,2239.44,1944.8,3806.28,2615.24,5234.14,3347.88,6083.54
63,1314.74,2422.08,2094.18,4047.54,2818.82,5400.02,3548.02,6047.08
64,1425.98,2602.62,2247.94,4268.02,3028.2,5508.38,3767.96,5898.88
65,1544.3,2788.18,2433.02,4505.52,3203.34,5588.98,3969.74,5722.26
66,1664.48,2994.28,2581.88,4655.32,3421.94,5611.52,4160.22,5477.38
67,1789.22,3194.16,2775.6,4849.82,3623.14,5559.28,4325.54,5190.62
68,1912.18,3371.82,2943.42,4978.82,3819.9,5464.78,4474.72,4871.14
69,2051.94,3584.32,3126.6,5094.06,4001.0,5318.3,4639.22,4534.34
70,2197.98,3753.68,3303.42,5178.52,4171.14,5140.22,4724.78,4165.38
71,2341.1,3904.98,3477.54,5168.76,4295.54,4917.22,4811.64,3789.9
72,2481.9,4081.64,3647.12,5142.68,4415.96,4652.3,4830.46,3442.14
73,2622.18,4227.0,3791.74,5072.92,4515.56,4329.92,4843.0,3073.58
74,2789.38,4348.56,3952.04,4957.62,4580.98,4044.24,4817.3,2758.9
75,2933.72,4422.7,4078.6,4772.22,4632.98,3743.66,4741.32,2442.12
76,3089.04,4500.68,4180.42,4582.3,4651.36,3411.48,4607.62,2159.58
77,3229.74,4563.62,4252.76,4340.52,4614.66,3089.54,4464.14,1917.86
78,3379.22,4548.08,4333.68,4096.62,4569.46,2784.72,4300.42,1688.3
79,3482.92,4519.76,4362.58,3807.26,4477.34,2501.86,4108.9,1494.06
80,3626.54,4491.42,4350.66,3521.74,4334.88,2235.94,3905.4,1323.46
81,3711.98,4394.7,4360.6,3243.0,4166.56,1994.74,3675.2,1162.5
82,3808.04,4268.66,4279.72,2970.04,3987.46,1761.34,3403.14,1038.0
83,3874.64,4119.54,4189.0,2696.22,3788.12,1567.62,3159.06,914.96
84,3948.14,3928.14,4118.62,2433.16,3568.16,1402.96,2900.4,807.1
85,3973.84,3752.76,3957.44,2192.04,3347.78,1245.54,2649.72,718.06
86,3943.84,3549.3,3807.02,1982.5,3123.24,1119.44,2400.02,635.74
87,3916.24,3333.3,3611.08,1770.88,2879.9,995.9,2175.46,578.14
88,3883.02,3110.72,3436.64,1577.64,2653.18,888.18,1935.52,513.72
89,3819.0,2879.0,3222.52,1407.8,2406.52,799.46,1742.94,459.2
90,3710.2,2647.98,2998.58,1255.88,2194.14,723.52,1562.28,416.0
91,3601.1,2446.68,2774.84,1122.08,1985.66,651.04,1399.6,372.34
92,3503.26,2241.5,2557.18,1003.58,1796.5,587.46,1246.04,334.48
93,3355.14,2027.16,2328.56,896.0,1597.16,525.66,1113.52,306.12
94,3221.2,1838.72,2121.74,802.02,1437.12,470.36,982.08,276.78
95,3046.26,1648.06,1915.12,713.54,1282.82,428.82,872.08,248.76
96,2859.98,1483.32,1727.92,638.84,1140.24,379.42,781.46,228.08
97,2692.08,1333.86,1555.22,575.36,1008.66,342.78,700.04,203.66
98,2508.3,1193.84,1393.62,512.16,907.46,311.98,633.8,187.4
99,2336.02,1062.48,1246.62,454.68,812.5,277.1,567.66,166.3
100,2153.1,949.12,1099.74,408.72,732.48,251.04,520.94,154.48
101,1988.46,838.84,988.72,365.12,659.74,226.9,477.84,142.46
102,1806.92,745.78,881.78,332.32,598.82,204.88,439.54,127.2
103,1665.04,663.76,787.12,298.14,541.3,188.44,408.78,113.26
104,1515.16,593.2,700.42,267.86,498.84,166.94,376.36,106.06
105,1380.4,523.38,631.64,244.24,456.5,153.6,361.08,92.62
106,1259.5,463.5,571.82,217.26,416.64,139.54,332.94,87.34
107,1150.98,413.66,509.18,197.08,387.58,127.08,312.14,78.7
108,1028.0,374.22,459.92,175.64,361.62,114.7,296.42,72.44
109,939.12,329.94,414.3,161.34,332.74,106.2,284.84,63.9
110,841.82,297.42,379.16,146.06,311.56,95.66,266.04,60.18
111,762.38,267.28,352.3,135.56,296.54,87.08,251.84,54.4
112,683.22,241.42,325.96,121.06,276.8,76.24,240.18,48.48
113,624.94,217.46,299.46,111.54,262.7,70.76,221.16,44.8
114,572.32,195.08,288.14,99.68,249.46,64.38,208.74,41.68
115,515.42,173.46,267.12,89.54,231.06,57.9,195.92,35.3
116,466.0,159.3,253.4,84.02,217.84,53.2,183.62,32.68
117,425.38,144.36,244.54,74.5,205.24,49.58,170.78,29.38
118,395.82,128.84,232.42,69.34,188.5,44.64,159.96,28.6
119,361.32,119.7,219.08,62.28,177.04,40.74,142.34,24.56
120,341.72,108.1,213.38,58.06,160.16,37.54,132.88,22.18
121,321.04,99.24,202.04,53.2,150.28,32.92,116.32,19.74
122,298.24,91.84,193.84,46.28,137.06,29.84,107.0,18.46
123,281.96,81.0,185.88,44.62,126.06,28.06,95.82,17.4
124,262.82,73.88,174.28,41.28,110.18,25.78,84.14,15.5
125,246.9,68.28,168.8,36.16,99.08,23.34,74.48,14.08
126,234.58,61.6,163.32,32.32,91.48,21.7,68.38,12.34
127,221.48,56.36,150.84,31.12,77.9,19.16,59.26,11.92
128,209.34,51.78,144.36,28.16,73.56,17.1,52.24,11.26
129,198.64,48.56,135.52,25.22,63.78,14.82,49.58,9.34
130,186.72,42.14,125.32,23.0,57.76,15.02,41.9,8.92
131,175.96,39.36,112.06,21.8,51.86,13.38,37.0,8.8
132,164.38,36.88,104.04,19.12,46.5,13.96,32.3,7.86
133,152.96,34.64,95.14,18.82,40.08,11.46,30.22,6.86
134,140.34,30.42,83.48,16.42,36.98,10.02,26.98,6.76
135,132.3,27.24,76.38,14.64,33.48,8.74,25.26,5.6
136,123.02,26.54,70.42,13.4,28.66,8.34,22.84,5.22
137,115.04,22.98,60.06,12.16,26.4,7.3,18.9,4.44
138,104.42,21.68,54.38,11.12,22.96,7.38,18.7,4.48
139,99.46,20.36,50.06,9.76,22.44,6.32,16.58,3.78
140,86.98,18.1,43.3,9.0,20.14,6.12,16.18,3.14
141,81.04,15.76,37.52,8.32,17.54,6.4,14.16,3.2
142,74.84,14.38,33.2,7.32,16.42,5.52,13.06,3.26
143,65.3,13.16,30.64,7.12,15.08,4.4,11.88,2.94
144,58.9,11.86,26.88,6.7,13.46,3.92,10.62,2.54
145,54.4,11.12,24.2,5.56,12.38,3.16,9.98,2.36
146,47.9,10.58,21.06,5.18,11.7,3.22,9.28,2.16
147,43.16,9.44,19.98,5.52,10.56,3.24,7.98,1.88
148,36.94,8.78,17.92,4.36,9.2,3.3,7.12,1.54
149,33.02,8.84,15.88,4.52,8.28,2.6,6.68,1.36
150,31.7,7.4,13.98,3.44,7.56,2.46,5.9,1.26
151,27.86,5.98,13.94,3.24,7.06,2.16,6.08,1.06
152,25.56,5.72,12.66,3.54,6.3,1.84,4.9,1.3
153,22.24,5.78,11.6,2.92,6.54,2.14,4.72,1.18
154,21.6,4.94,10.3,2.66,4.98,1.6,4.18,1.22
155,19.54,4.52,9.42,2.58,4.68,1.72,4.14,0.96
156,18.3,4.06,8.68,2.76,4.82,1.26,3.22,0.7
157,15.64,3.72,8.54,2.08,3.74,1.16,3.1,0.94
158,14.56,3.64,7.12,1.86,3.76,1.04,3.12,0.6
159,13.84,3.4,6.18,1.72,3.4,1.1,2.32,0.58
160,12.12,3.22,6.34,1.72,3.0,0.82,2.0,0.66
161,10.18,2.52,5.3,1.72,3.06,1.02,2.3,0.86
162,9.54,2.38,5.0,1.24,2.36,0.68,1.68,0.4
163,8.58,2.4,3.8,1.24,2.76,0.74,1.74,0.42
164,7.32,2.28,4.12,1.28,2.38,0.8,1.58,0.76
165,6.92,1.74,3.66,1.0,1.72,0.54,1.62,0.48
166,6.84,1.9,3.92,0.94,1.98,0.56,1.02,0.36
167,6.12,1.46,2.96,0.92,1.68,0.56,1.26,0.18
168,5.48,1.28,2.92,0.82,1.66,0.4,1.56,0.22
169,5.44,1.28,2.3,0.74,1.58,0.48,1.0,0.46
170,4.6,1.0,2.28,0.52,0.9,0.56,1.08,0.16
171,4.22,1.28,2.06,0.68,1.26,0.3,0.86,0.14
172,3.9,0.98,2.08,0.46,0.96,0.3,1.0,0.12
173,3.74,1.0,1.8,0.34,0.64,0.28,0.92,0.14
174,3.4,1.12,1.58,0.38,0.88,0.22,0.64,0.24
175,3.1,0.74,1.24,0.44,0.92,0.24,0.48,0.18
176,2.66,0.7,1.02,0.48,0.76,0.24,0.66,0.16
177,2.84,0.68,1.32,0.22,0.64,0.2,0.38,0.12
178,2.14,0.6,0.9,0.52,0.72,0.32,0.56,0.08
179,1.8,0.52,1.12,0.22,0.52,0.08,0.4,0.1
