SAR_pct,beta_family,seed,R_AR,U_AR,R_peak,U_peak,R_day,U_day,R_inactive_AR,U_inactive_AR,R_employed_AR,U_employed_AR,R_student_AR,U_student_AR
15,0.0161,0,0.6646042412481996,0.6852547388700811,3525,4062,114,85,0.16787805019416913,0.21391062423926274,0.9951447067783702,0.9995511913828745,0.9949941212099619,0.9979157017137563
15,0.0161,1,0.6644977237677548,0.6854585114413667,3575,4130,101,87,0.16785486582043702,0.21366718831507564,0.996953541507997,0.9999863997388749,0.9922506858588378,0.9985035807175687
15,0.0161,2,0.6646459220014171,0.6854214618829512,3398,4282,99,90,0.1682490001738828,0.2133657914565583,0.9971439451637472,0.9991839843324992,0.9919656536145651,0.9998752983931307
15,0.0161,3,0.6642198520796381,0.687102585596058,3388,4205,98,85,0.16938503448675593,0.21821132556656814,0.9946550973778696,0.9991839843324992,0.9918409520076958,0.9988955000534435
15,0.0161,4,0.6642430080536478,0.6863199136745288,3407,4146,116,94,0.16885179389091753,0.2151625804207964,0.9943558916331193,0.9999455989555,0.9931414116221897,0.9995724516335911
15,0.0161,5,0.6622562254836125,0.6861300346876491,3562,4317,109,95,0.16690430649742075,0.2157885585115632,0.9938934827548689,0.9986399738874986,0.9890975166565718,0.999590266148858
15,0.0161,6,0.6656925720266571,0.6849027680651332,3415,4230,102,81,0.1692227438706312,0.21308757897177302,0.996926340985747,0.9986399738874986,0.9947803470267574,0.9990202016603128
15,0.0161,7,0.6648543257675048,0.6858660565839381,3199,4233,99,85,0.16940821886048804,0.21422361328464615,0.996926340985747,0.9995375911217496,0.9912708875191506,0.9998040403320626
15,0.0161,8,0.6640068171187485,0.6864958990770029,3310,4257,103,82,0.16684634556309047,0.21570741320350084,0.9971847459471221,0.9995647916439996,0.9916093633092243,0.9999109274236648
15,0.0161,9,0.6642707952224595,0.6862921265057171,3444,4293,99,88,0.16695067524488494,0.2149886976178056,0.9976199543031227,0.9999455989555,0.991894395553497,0.9997327822709944
15,0.0161,10,0.6655351114033909,0.6862921265057171,3372,4278,97,81,0.1703587781835043,0.21555671477424215,0.9971031443803721,0.9995919921662496,0.9921972423130366,0.9993230484198525
15,0.0161,11,0.6654517498969559,0.6871905782972949,3462,4235,101,84,0.16870109546165885,0.21748101779400683,0.9971983462082472,0.9995919921662496,0.9942993551145474,0.9998218548473295
15,0.0161,12,0.6636455839241966,0.685782695077503,3344,4424,114,94,0.16866631890106068,0.21475685388048454,0.9954167120008705,0.9998095963442498,0.9897388392061852,0.9983076210496312
15,0.0161,13,0.6634834921061284,0.6854168306881492,3306,4269,97,86,0.16717092679533993,0.2140613226685214,0.9949271026003699,0.9987215754542487,0.9920547261909003,0.9993943064809206
15,0.0161,14,0.6633862370152876,0.6863569632329445,3515,4262,104,81,0.16609285341679708,0.2154755694661798,0.9955527146121206,0.9998503971276248,0.9925179035878434,0.9993586774503865
15,0.0161,15,0.6657388839746766,0.6867969267391294,3405,4415,103,111,0.16826059236074886,0.21665797252651714,0.9965455336742466,0.9994287890327495,0.9969359033740692,0.9997862258167955
15,0.0161,16,0.6640160795083523,0.686315282479727,3338,4106,102,83,0.16707818930041152,0.21584651944589348,0.9961647263627461,0.999007180937874,0.9926247906794456,0.9997327822709944
15,0.0161,17,0.6631037341323688,0.6873202517517494,3506,4208,110,93,0.16586100967947603,0.2175389787283371,0.997919160047873,0.9999863997388749,0.9886877828054299,0.9997149677557273
15,0.0161,18,0.6649562120531476,0.6857271207398796,3452,4216,110,92,0.17016171100678143,0.21506984292586798,0.9971983462082472,0.9987759764987488,0.9901485730573271,0.9989667581145117
15,0.0161,19,0.6643310007548848,0.6863430696485386,3365,4159,97,90,0.1684924360980699,0.21531327885005505,0.9987759764987488,0.9995511913828745,0.9882424199237538,0.9999465564541988
15,0.0161,20,0.6635992719761772,0.6861948714148763,3429,4211,119,92,0.16675360806816206,0.21464093201182402,0.9958383200957458,1.0,0.9919478390992981,0.9998218548473295
15,0.0161,21,0.6647570706766639,0.6858892125579479,3425,4159,114,92,0.16731003303773256,0.2149191444966093,0.9971711456859972,0.9991839843324992,0.9938005486870702,0.9992874193893184
15,0.0161,22,2.315597400970315e-05,0.6871257415700677,0,4238,0,120,5.79609343302614e-05,0.21699414594563265,0.0,0.9999591992166249,0.0,0.9998396693625966
15,0.0161,23,0.6637196830410277,0.6877416904787266,3552,4360,103,85,0.16780849707297282,0.21864023648061207,0.9968039386356218,1.0,0.9895250650229808,0.9996258951793922
15,0.0161,24,0.6637382078202355,0.6862921265057171,3439,4219,112,79,0.16493363473019185,0.21552193821364402,0.997987161353498,0.9998367968664998,0.9924644600420423,0.9990558306908469
15,0.0161,25,0.6620941336655444,0.6856298656490387,3408,4234,103,83,0.16632469715411813,0.21480322262794876,0.9940838864106191,0.9987351757153737,0.9891153311718388,0.9990558306908469
15,0.0161,26,0.6629879542623202,0.6863662256225483,3446,4127,110,97,0.1659421549875384,0.21562626789543848,0.9953487106952453,0.9998095963442498,0.991484661702355,0.9992161613282503
15,0.0161,27,0.664307844780875,0.6855603977270096,3370,4286,120,93,0.16703182055294732,0.2132382774010317,0.9972391469916222,1.0,0.9924110164962411,0.999536822603057
15,0.0161,28,0.6634788609113265,0.6873434077257592,3354,4228,109,95,0.16526980814930736,0.21750420216773894,0.9966543357632467,0.9999455989555,0.9926960487405138,0.9999109274236648
15,0.0161,29,3.241836361367323e-05,0.6864125375705679,1,4361,2,110,8.114530806236596e-05,0.21592766475395583,0.0,0.9995375911217496,0.0,0.9992874193893184
15,0.0161,30,0.6650442047543845,0.6863523320381425,3369,4261,106,89,0.16702022836608127,0.21672752564771344,0.9966815362854967,0.9991839843324992,0.9959917340649161,0.9982898065343642
15,0.0161,31,0.665183140598443,0.686046673181214,3511,4362,95,88,0.16692749087115286,0.21515098823393033,0.9974975519529975,0.9990207811989991,0.9955998147290412,0.9997505967862614
15,0.0161,32,0.6645579293001802,0.6858336382203245,3473,4244,97,80,0.16702022836608127,0.2140613226685214,0.9955935153954956,0.9995919921662496,0.9955463711832401,0.9998574838778637
15,0.0161,33,0.6642569016380536,0.6870331176740287,3525,4248,110,88,0.16758824552251783,0.21716802874862343,0.995960722445871,0.9995647916439996,0.9930345245305875,0.9997327822709944
15,0.0161,34,0.663089840547963,0.6870192240896229,3473,4196,113,90,0.16582623311887787,0.21714484437489132,0.9961375258404961,0.9995919921662496,0.991021484305412,0.9996793387251933
15,0.0161,35,0.6646227660274073,0.6860605667656199,3665,4262,100,85,0.1653393612705037,0.21459456326435983,0.9987215754542487,0.9995919921662496,0.9942815405992803,0.9999109274236648
15,0.0161,36,0.6657574087538844,0.6863338072589347,3406,4456,95,81,0.1679823798759636,0.2156958210166348,0.9974703514307475,0.9991295832879992,0.9962233227633877,0.9998752983931307
15,0.0161,37,0.665354494806115,0.6853056820129024,3310,4235,105,88,0.17001101257752274,0.2145481945168956,0.9968855402023719,0.9975519529974975,0.9923219439199059,0.9997505967862614
15,0.0161,38,0.6642291144692419,0.6878250519851616,3448,4215,103,76,0.1684460673506057,0.2192662145713789,0.9958655206179958,0.9995375911217496,0.9917340649160936,0.999590266148858
15,0.0161,39,0.663779888573453,0.6864449559341814,3524,4193,118,97,0.16526980814930736,0.2152785022894569,0.9974975519529975,0.9999863997388749,0.9927494922863149,0.9998218548473295
15,0.0161,40,0.6638632500798881,0.686134665882451,3333,4250,105,107,0.16736799397206284,0.2149886976178056,0.9974703514307475,0.9995919921662496,0.9898813553283216,0.999590266148858
15,0.0161,41,0.6641781713264205,0.6855465041426038,3517,4348,99,87,0.16763461426998202,0.21347012113835276,0.9954303122619954,0.9999455989555,0.9933551858053943,0.9991983468129833
15,0.0161,42,0.6636224279501869,0.6862411833628959,3371,4300,94,89,0.16651017214397495,0.21488436793601112,0.9958247198346208,1.0,0.9924288310115081,0.9996258951793922
15,0.0161,43,0.6638123069370667,0.6865514734146263,3402,4379,103,88,0.16819103923955253,0.21559149133484032,0.9954711130453705,1.0,0.9910392988206791,0.9997327822709944
15,0.0161,44,0.6646181348326055,0.6861115099084413,3305,4304,114,96,0.16804034081029387,0.21519735698139453,0.9975927537808726,0.9995375911217496,0.9915915487939573,0.9992517903587843
15,0.0161,45,0.6649515808583457,0.6867922955443275,3549,4250,96,79,0.16535095345736972,0.21628702254680346,0.9976879556087477,0.9998639973887499,0.9968824598282681,0.9997684113015285
15,0.0161,46,0.6657249903902708,0.6872229966609085,3441,4316,92,83,0.16979076102706775,0.21762012403639946,0.9966543357632467,0.9995511913828745,0.9943884276908825,0.9997862258167955
15,0.0161,47,0.6647617018714658,0.6866487285054671,3358,4295,110,89,0.16788964238103518,0.21679707876890975,0.9947774997279948,0.9987759764987488,0.9960629921259843,0.9998574838778637
15,0.0161,48,0.6653406012217091,0.6876305418034798,3471,4318,100,95,0.17025444850170984,0.21848953805135338,0.997021542813622,0.9995783919051245,0.9917162504008266,0.9999821854847329
15,0.0161,49,0.6644189934561218,0.6865468422198243,3558,4393,95,82,0.16632469715411813,0.21598562568828608,0.9974431509084974,0.9995919921662496,0.9936580325649339,0.9996437096946592
20,0.0221,0,0.682286143002033,0.7084199752694198,3897,4919,115,81,0.21116327595200834,0.2703413899032052,0.9992247851158742,1.0,0.9911461859122813,0.9997149677557273
20,0.0221,1,0.6817581867946112,0.7092258031649585,3713,5046,96,75,0.20739581522054135,0.27228887729670204,0.998966380154499,1.0,0.9952435244237005,0.9998218548473295
20,0.0221,2,0.6811005571327347,0.708841413996397,3874,5023,95,81,0.20777835738712108,0.27134991016055177,0.9984495702317484,0.9999455989555,0.992802935832116,0.9998574838778637
20,0.0221,3,0.6830317653651465,0.708480180801845,3821,5069,89,79,0.21023590100272416,0.270515272706196,0.9983135676204983,1.0,0.9966330566145295,0.9996793387251933
20,0.0221,4,0.6835041472349451,0.709526830827085,4065,5118,90,80,0.2111748681388744,0.2729844085086652,0.9991295832879992,1.0,0.995938290519115,0.9999109274236648
20,0.0221,5,0.6808458414186276,0.7093415830350072,3810,5013,96,80,0.20651480901872138,0.2729728163217991,0.9976335545642476,0.9995375911217496,0.9948337905725585,0.9998218548473295
20,0.0221,6,0.6827353688978219,0.7080077989320465,3936,4943,88,74,0.21014316350779574,0.2692633165246624,0.998993580676749,1.0,0.9947447179962233,0.9997862258167955
20,0.0221,7,0.6821703631319844,0.7092304343597604,3852,4948,87,76,0.20774358082652292,0.27228887729670204,0.9995511913828745,1.0,0.995528556667973,0.9998396693625966
20,0.0221,8,0.6823092989760429,0.7098139649048059,3670,4887,93,72,0.20881006201819974,0.2737726772155567,0.9984223697094984,1.0,0.9959026614885809,0.9998040403320626
20,0.0221,9,0.6811144507171405,0.708577435892686,3803,5013,90,74,0.20674665275604243,0.27075870863038315,0.9992519856381242,1.0,0.9933908148359283,0.9996793387251933
20,0.0221,10,0.6807856358862023,0.7091655976325333,3861,4880,96,76,0.20725670897814874,0.2721729554280415,0.9982319660537482,0.9999591992166249,0.9926782342252467,0.9998218548473295
20,0.0221,11,0.682031427287926,0.7094851500738675,3806,5239,96,71,0.20952877760389496,0.27323943661971833,0.9976743553476227,0.9995511913828745,0.9947090889656892,0.9999465564541988
20,0.0221,12,0.6826936881446044,0.7079012814516017,3775,4938,107,78,0.21075754941169653,0.26941401495392103,0.998966380154499,0.9995919921662496,0.993675847080201,0.9996793387251933
20,0.0221,13,0.6810403516003094,0.7087163717367444,4010,5235,92,70,0.20816089955370082,0.27107169767576655,0.9971983462082472,0.9999455989555,0.9936224035343998,0.9998040403320626
20,0.0221,14,0.6827538936770297,0.7088738323600106,3749,5022,91,75,0.21007361038659944,0.27133831797368574,0.998041562397998,1.0,0.9961698792175865,0.9999287419389319
20,0.0221,15,0.6820036401191143,0.7093508454246111,3848,5124,96,87,0.20798701675071002,0.27307714600359356,0.9980279621368731,0.9995919921662496,0.9965083550076602,0.9996258951793922
20,0.0221,16,0.6828326239886628,0.7086469038147152,3810,5060,98,77,0.21158059467918622,0.27074711644351707,0.9984087694483734,1.0,0.993675847080201,0.9999643709694659
20,0.0221,17,0.6815266270545137,0.7088599387756047,3835,5015,102,82,0.2084043354778879,0.2713035414130876,0.9981775650092481,1.0,0.9938361777176044,0.9999287419389319
20,0.0221,18,0.6830688149235622,0.7098556456580234,3792,4971,98,83,0.21006201819973339,0.2739233756448154,0.9991295832879992,1.0,0.9959739195496491,0.9997327822709944
20,0.0221,19,0.6825315963265363,0.7087997332431795,3880,5074,88,71,0.20964469947255548,0.2712455804787573,0.9991703840713742,1.0,0.9944953147824848,0.9997862258167955
20,0.0221,20,0.6823417173396564,0.7077993951659589,3700,4993,104,82,0.20890279951312815,0.2692865008983945,0.9993743879882494,0.9996871939941246,0.9946378309046211,0.9993586774503865
20,0.0221,21,0.6829808222223251,0.709790808930796,3827,5049,96,79,0.20854344172028053,0.273621978786298,0.9981231639647481,1.0,0.9992874193893184,0.9999465564541988
20,0.0221,22,0.6818878602490657,0.7074474243610109,3902,5074,119,98,0.2086709557758071,0.267849069727004,0.9977559569143728,0.9999591992166249,0.9953682260305697,0.9998574838778637
20,0.0221,23,0.6817906051582248,0.7086283790355073,3801,5059,87,73,0.2063641105894627,0.2708282617515794,0.998993580676749,0.9999455989555,0.9969180888588022,0.9998396693625966
20,0.0221,24,0.6823000365864389,0.7091100232949099,3764,4954,109,69,0.21073436503796442,0.2723468382310323,0.9987215754542487,1.0,0.9925179035878434,0.9992874193893184
20,0.0221,25,0.6817350308206014,0.7088136268275853,3851,5101,89,76,0.20802179331130818,0.2712803570393555,0.998068762920248,0.9999455989555,0.9953682260305697,0.9998574838778637
20,0.0221,26,0.6823556109240623,0.7097722841515883,3905,4992,105,82,0.20899553700805656,0.2737958615892888,0.9985719725818736,1.0,0.9955998147290412,0.9996080806641251
20,0.0221,27,0.6811607626651599,0.7090822361260982,3803,4968,115,82,0.20802179331130818,0.272057033559381,0.9995375911217496,0.9999863997388749,0.9912352584886165,0.9996437096946592
20,0.0221,28,0.6821055264047572,0.7103604458914355,3683,5002,110,88,0.20945922448269866,0.27511737089201876,0.9984359699706234,1.0,0.9941033954466099,0.9998396693625966
20,0.0221,29,3.241836361367323e-05,0.7093971573726305,1,4934,2,98,8.114530806236596e-05,0.2727061960238799,0.0,0.9999455989555,0.0,0.9999109274236648
20,0.0221,30,0.6826334826121792,0.7083875569058061,3793,5136,99,84,0.21028226975018838,0.27023706022141075,0.9995375911217496,0.9999455989555,0.9934264438664624,0.9998218548473295
20,0.0221,31,0.6829067231054939,0.7092350655545624,3910,5018,90,72,0.21043296817944707,0.2724163913522286,0.9990207811989991,0.9998639973887499,0.9949228631488937,0.9998396693625966
20,0.0221,32,0.681508102275306,0.70875342129516,3634,4991,88,68,0.20850866515968236,0.2714658320292123,0.9983951691872484,0.9995375911217496,0.9933195567748602,0.9998752983931307
20,0.0221,33,0.6827816808458413,0.7084616560226373,3697,5034,106,74,0.20892598388686026,0.2704920883324639,0.9991431835491241,0.9998503971276248,0.9965974275839954,0.9998396693625966
20,0.0221,34,0.6827075817290102,0.708651535009517,3791,4878,103,81,0.20887961513939604,0.2708050773778473,0.998993580676749,1.0,0.9965796130687284,0.9998931129083978
20,0.0221,35,0.6820499520671338,0.7078873878671958,3799,4946,82,72,0.2101547556946618,0.2692285399640642,0.9976063540419976,0.9995919921662496,0.9939074357786725,0.9999109274236648
20,0.0221,36,0.682476021988913,0.7084523936330334,3899,5160,88,73,0.21105894627021388,0.27063119457485657,0.9982183657926232,1.0,0.9933551858053943,0.9993943064809206
20,0.0221,37,0.6823972916772798,0.7085959606718937,3618,4949,95,82,0.21001564945226917,0.2707818930041152,0.9987215754542487,1.0,0.9939965083550076,0.9997149677557273
20,0.0221,38,0.6836245582997957,0.7089896122300592,3775,4961,95,72,0.21052570567437548,0.27169767576653336,0.9995919921662496,1.0,0.9967933872519329,0.9998218548473295
20,0.0221,39,0.680285466847592,0.7075493106466537,3981,4974,111,88,0.2062945574682664,0.2681388743986553,0.9984223697094984,0.9999591992166249,0.9919834681298322,0.9998040403320626
20,0.0221,40,0.6832077507676205,0.7092906398921858,3676,4929,104,92,0.21032863849765257,0.27242798353909464,0.9992247851158742,1.0,0.9959739195496491,0.9998574838778637
20,0.0221,41,0.6832772186896497,0.7083829257110041,3704,5078,86,75,0.21184721497710543,0.2706196023879905,0.9984087694483734,0.9998367968664998,0.9949763066946948,0.9993586774503865
20,0.0221,42,0.6826659009757927,0.7075446794518518,3802,4859,91,80,0.2104445603663131,0.26839390250970846,0.9995375911217496,0.9995511913828745,0.9933017422595931,0.9999287419389319
20,0.0221,43,0.6815775701973352,0.7090359241780787,3872,4894,104,72,0.2091114588767171,0.27231206167043415,0.9985039712762485,0.9995919921662496,0.9925179035878434,0.999590266148858
20,0.0221,44,0.6825454899109421,0.7091378104637216,3748,4943,102,83,0.20938967136150236,0.27211499449371124,0.9990207811989991,0.99997279947775,0.9951366373320982,0.9997862258167955
20,0.0221,45,0.6821055264047572,0.7089757186456533,3750,4948,89,70,0.2091114588767171,0.2716628992059352,0.9992791861603743,1.0,0.9935333309580646,0.9998218548473295
20,0.0221,46,0.6808273166394199,0.7085913294770918,3860,5137,92,73,0.20704804961455978,0.27072393206978496,0.999007180937874,0.9999455989555,0.9921437987672356,0.9998574838778637
20,0.0221,47,0.6819804841451046,0.7098278584892117,3776,5078,97,79,0.20803338549817424,0.27383063814988695,0.9980823631813731,0.9999319986943749,0.9962767663091887,0.9998574838778637
20,0.0221,48,0.6816655628985722,0.7095824051647084,3787,5050,102,81,0.20875210108386946,0.27323943661971833,0.9985583723207485,1.0,0.9933373712901272,0.9997327822709944
20,0.0221,49,0.6830225029755427,0.7093045334765916,3739,5170,90,75,0.20925056511910972,0.2725670897814873,0.9991431835491241,0.9998639973887499,0.9970249759504044,0.9998752983931307
25,0.0284,0,0.6984351192764221,0.7297373649427816,4086,5678,101,71,0.2484669332869646,0.32367704167391176,1.0,0.9999455989555,0.9949228631488937,0.9998218548473295
25,0.0284,1,0.6966521092776725,0.7290843664757071,4119,5585,92,67,0.24515156784327363,0.32194980583087,0.9993743879882494,1.0,0.9939786938397406,0.9998931129083978
25,0.0284,2,0.6969809241086108,0.7278895182168048,4087,5774,87,69,0.24422419289398944,0.31901698255375877,0.998993580676749,0.9999591992166249,0.9971674920725407,0.9998574838778637
25,0.0284,3,0.6969577681346011,0.7289639554108565,4180,5714,89,67,0.24670492088332463,0.32164840897235264,0.9995511913828745,0.9999863997388749,0.9925357181031104,0.9999109274236648
25,0.0284,4,0.6971661719006886,0.7291353096185285,4185,5750,90,76,0.24562684750478178,0.3225525995479047,0.9995511913828745,0.9996055924273746,0.9949941212099619,0.9996793387251933
25,0.0284,5,0.6971846966798965,0.7289778489952623,4163,5599,93,75,0.24606735060569176,0.32183388396220947,0.9994423892938744,0.9999591992166249,0.9945309438130189,0.9997149677557273
25,0.0284,6,0.6957166079276793,0.7288944874888272,4185,5582,87,69,0.24402712571726656,0.3215324871036921,0.9986943749319986,0.9999455989555,0.9929988955000535,0.9998752983931307
25,0.0284,7,0.6971152287578672,0.7294085501118434,4264,5620,81,67,0.24420100852025733,0.3227728510983597,0.9999455989555,1.0,0.9964727259771262,0.9998752983931307
25,0.0284,8,0.697133753537075,0.728741658060363,4170,5739,89,63,0.24602098185822754,0.321277458992639,0.998014361875748,0.9999591992166249,0.9962767663091887,0.9996615242099263
25,0.0284,9,0.6980599924974644,0.729528961176694,4114,5614,91,69,0.24730771460035936,0.32307424795687706,0.9994015885104994,1.0,0.9960451776107172,0.9998752983931307
25,0.0284,10,0.6969901864982146,0.7294455996702589,4297,5770,93,69,0.2467396974439228,0.32293514171448445,0.9985719725818736,1.0,0.9938896212634054,0.9997684113015285
25,0.0284,11,0.6972310086279159,0.7286999773071454,4179,5702,87,71,0.24570799281284414,0.32104561525531794,0.9986399738874986,1.0,0.9963123953397228,0.9998040403320626
25,0.0284,12,0.698175772367513,0.7300152366308984,4211,5659,94,74,0.24646148495913753,0.32444212600707123,0.9998639973887499,0.9999455989555,0.9971853065878078,0.9997149677557273
25,0.0284,13,0.6964066559531694,0.7309507379808917,4032,5666,88,68,0.24513997565640758,0.32669101025908537,0.998966380154499,1.0,0.9935867745038658,0.9997862258167955
25,0.0284,14,0.6979627374066235,0.7288944874888272,3995,5623,84,66,0.2469599489943778,0.32150930272996003,0.9990479817212491,1.0,0.9966686856450636,0.9998396693625966
25,0.0284,15,0.6981479851987014,0.7285980910215026,3997,5697,96,77,0.2475395583376804,0.32086014026546106,0.9994559895549995,0.9999863997388749,0.995956105034382,0.9997149677557273
25,0.0284,16,0.6969068249917796,0.7291260472289246,4068,5488,87,67,0.2455688865704515,0.3220889120732626,0.998966380154499,1.0,0.9948516050878256,0.9998396693625966
25,0.0284,17,0.6979581062118216,0.7292371959041712,4129,5672,92,74,0.24633397090361098,0.3223091636237176,0.998966380154499,1.0,0.9977197420458189,0.9999287419389319
25,0.0284,18,0.6975551922640522,0.7296910529947621,3925,5868,97,77,0.24657740682779805,0.32367704167391176,0.9992655858992493,1.0,0.9954038550611037,0.9995724516335911
25,0.0284,19,0.6974903555368249,0.7300754421633238,4022,5853,75,66,0.2464962615197357,0.3244537181939373,0.9994287890327495,1.0,0.99506537927103,0.9998574838778637
25,0.0284,20,0.6974255188095977,0.7293622381638238,4216,5607,93,79,0.24672810525705674,0.3226569292296992,0.9998095963442498,1.0,0.9939608793244736,0.9998752983931307
25,0.0284,21,0.6974579371732113,0.7299411375140672,4100,5579,87,75,0.24610212716628993,0.3241870978960181,0.9980279621368731,1.0,0.9973812662557452,0.9997505967862614
25,0.0284,22,0.6976848657185067,0.7284174744242267,4181,5614,112,81,0.24589346780270097,0.3204775980988814,0.9991703840713742,1.0,0.9970784194962055,0.999590266148858
25,0.0284,23,0.6984721688348376,0.7283572688918014,4218,5654,88,71,0.24749318959021618,0.3201530168666319,0.9996463932107497,0.9999591992166249,0.9970249759504044,0.9999109274236648
25,0.0284,24,0.6970874415890556,0.7300985981373335,4052,5622,88,67,0.24531385845939838,0.32460441662319595,0.9992927864214993,1.0,0.9955107421527061,0.9997149677557273
25,0.0284,25,0.6980785172766721,0.7296030602935251,4151,5537,86,70,0.2476902567669391,0.323282907320466,0.9993743879882494,1.0,0.9955641856985071,0.9998396693625966
25,0.0284,26,0.6973745756667763,0.7287694452291746,4210,5585,92,73,0.24708746304990437,0.3211963136845766,0.9985583723207485,1.0,0.9948516050878256,0.9998396693625966
25,0.0284,27,0.6964066559531694,0.7287092396967494,3957,5629,108,66,0.24456036631310496,0.3211267605633803,0.9996871939941246,0.9999863997388749,0.9935333309580646,0.9997327822709944
25,0.0284,28,0.6970087112774225,0.7290426857224895,4046,5692,100,71,0.2437720976062134,0.3219961745783342,0.9991839843324992,0.9999591992166249,0.9977197420458189,0.9997149677557273
25,0.0284,29,3.241836361367323e-05,0.7298994567608497,1,5944,2,90,8.114530806236596e-05,0.3239900307192952,0.0,0.99997279947775,0.0,0.9999287419389319
25,0.0284,30,0.6976431849652892,0.7292464582937752,4236,5774,94,66,0.2473193067872254,0.3223555323711818,0.9994151887716244,1.0,0.9944062422061496,0.9998931129083978
25,0.0284,31,0.6978423263417729,0.730311633098223,4107,5671,89,72,0.24633397090361098,0.3249869587897757,0.9993879882493744,1.0,0.9967221291908647,0.9999465564541988
25,0.0284,32,0.6968280946801465,0.72847304876185,4121,5625,82,65,0.24559207094418362,0.32055874340694374,0.998993580676749,0.9998775976498748,0.9944775002672177,0.9998396693625966
25,0.0284,33,0.6979719997962275,0.729880931981642,4167,5609,100,72,0.2462064568480844,0.3240363994667594,0.9990887825046241,0.9999455989555,0.9978088146221541,0.9998218548473295
25,0.0284,34,0.696781782732127,0.7285980910215026,4091,5750,97,77,0.24555729438358545,0.32088332463919317,0.9997687955608747,0.9999455989555,0.9933373712901272,0.9997327822709944
25,0.0284,35,0.6987222533541428,0.7282785385801682,4190,5753,82,70,0.25094766127629975,0.32009505593230164,0.9988847785877489,0.99997279947775,0.993675847080201,0.9996793387251933
25,0.0284,36,0.6979997869650392,0.7296725282155543,4287,5726,78,64,0.24864081608995536,0.3234336057497247,0.9992383853769993,0.9999455989555,0.9939786938397406,0.9999465564541988
25,0.0284,37,0.6977219152769223,0.7288064947875903,4149,5561,90,73,0.24570799281284414,0.32130064336637104,0.9995103905994995,0.9999591992166249,0.9970606049809385,0.9998752983931307
25,0.0284,38,0.6968234634853445,0.7291492032029343,4200,5609,87,69,0.24632237871674492,0.32222801831565523,0.9994015885104994,0.9999455989555,0.992802935832116,0.9997862258167955
25,0.0284,39,0.69721711504351,0.7308488516952489,4341,5594,100,79,0.2451631600301397,0.3264012055874341,0.9994015885104994,0.9999455989555,0.9960986211565184,0.9999109274236648
25,0.0284,40,0.6970226048618283,0.7284545239826423,4204,5601,99,79,0.2451863444038718,0.32038486060395294,0.9988303775432489,0.9999863997388749,0.9960629921259843,0.9998931129083978
25,0.0284,41,0.6980646236922663,0.7289454306316487,4076,5696,80,69,0.24923201762012404,0.3215904480380224,0.9991431835491241,1.0,0.9934442583817295,0.9999109274236648
25,0.0284,42,0.6969809241086108,0.729269614267785,3986,5770,86,71,0.24656581464093202,0.32239030893178,0.9991431835491241,1.0,0.9933730003206612,0.9999287419389319
25,0.0284,43,0.6964992798492082,0.7300244990205023,4195,5421,92,65,0.24558047875731756,0.324395757259607,0.9984767707539984,0.9999591992166249,0.9939074357786725,0.9998040403320626
25,0.0284,44,0.6978840070949904,0.7296308474623368,4168,5860,95,72,0.24607894279255782,0.3233176838810642,0.9992519856381242,1.0,0.9974525243168133,0.9998931129083978
25,0.0284,45,0.6976339225756854,0.7298068328648109,4041,5801,81,67,0.24672810525705674,0.3238161479163044,0.9991839843324992,0.9999455989555,0.9955820002137742,0.9998752983931307
25,0.0284,46,0.6976756033289029,0.7290334233328857,4103,5583,90,71,0.24806120674665275,0.32183388396220947,0.9998639973887499,1.0,0.992802935832116,0.9998752983931307
25,0.0284,47,0.6969762929138088,0.7302745835398075,4073,5563,94,74,0.2451631600301397,0.32495218222917754,0.9990887825046241,0.9999591992166249,0.9955820002137742,0.9999109274236648
25,0.0284,48,0.6982776586531559,0.7286258781903143,4208,5816,98,78,0.24788732394366197,0.3207905871442648,0.9995375911217496,0.9999863997388749,0.9958135889122457,0.9999287419389319
25,0.0284,49,0.6972865829655392,0.7296678970207524,4126,5753,84,65,0.24621804903495045,0.3234683823103228,0.9988167772821238,0.9999863997388749,0.9955107421527061,0.9998218548473295
30,0.035,0,0.7113191032154386,0.7477110319691378,4441,6320,91,63,0.279383295658726,0.36864313452732855,0.9999455989555,1.0,0.9970427904656715,0.9997862258167955
30,0.035,1,0.7104438073978705,0.7471275014240923,4455,6389,83,63,0.27791108792673735,0.3671361502347418,0.9998367968664998,0.9999455989555,0.9960808066412513,0.9999287419389319
30,0.035,2,0.7106290551899485,0.7477110319691378,4450,6162,79,65,0.2808323190169826,0.3687474642091231,0.9997959960831247,0.99997279947775,0.99235757295044,0.9996615242099263
30,0.035,3,0.7113144720206366,0.7475026282030501,4595,6138,85,60,0.2819567611429896,0.3682258158001507,0.9996599934718746,1.0,0.9934442583817295,0.9996258951793922
30,0.035,4,0.7114626702542989,0.7473636923589917,4444,6424,90,68,0.2824088564307657,0.36772735176491045,0.9994015885104994,1.0,0.9936580325649339,0.9998574838778637
30,0.035,5,0.7104530697874745,0.7496005594483321,4409,6235,85,71,0.27745899263896134,0.3733495623949458,0.9995919921662496,0.99997279947775,0.9971318630420066,0.9998574838778637
30,0.035,6,0.7118516906176624,0.7479611164884429,4498,6159,83,62,0.2803454471686084,0.3692343360574972,0.9994967903383745,1.0,0.998200733958029,0.9998396693625966
30,0.035,7,0.7114070959166756,0.7491142839941276,4382,6122,78,63,0.28091346432504494,0.37214397496087637,0.9995375911217496,0.99997279947775,0.9955641856985071,0.9998396693625966
30,0.035,8,0.7102631908005946,0.7479842724624526,4273,6297,88,61,0.27839795977511156,0.36932707355242567,0.9987759764987488,0.9999455989555,0.9960273630954501,0.9998574838778637
30,0.035,9,0.7105920056315329,0.7466782755283036,4510,6260,80,64,0.28087868776444674,0.3661044456036631,0.9996871939941246,0.9999591992166249,0.9922863148893719,0.9997684113015285
30,0.035,10,0.7110319691377178,0.7470348775280535,4498,6246,88,68,0.27872254100736105,0.3669158986842868,0.9998095963442498,1.0,0.9971318630420066,0.9998396693625966
30,0.035,11,0.7101613045149517,0.747071927086469,4401,6390,82,62,0.27777198168434475,0.3670086361792152,0.9995783919051245,1.0,0.9955463711832401,0.9998396693625966
30,0.035,12,0.7125417386431525,0.748294562514183,4580,6446,87,65,0.28197994551672173,0.370068973511853,1.0,0.99997279947775,0.9976841130152848,0.9998752983931307
30,0.035,13,0.7109208204624711,0.7483362432674006,4406,6131,85,61,0.27918622848200314,0.3701617110067814,0.998966380154499,1.0,0.9970962340114725,0.9998574838778637
30,0.035,14,0.7109161892676692,0.7470395087228554,4413,6238,84,63,0.2797310612647076,0.3670434127398134,0.9991295832879992,0.9999863997388749,0.9960273630954501,0.9996793387251933
30,0.035,15,0.7106429487743543,0.7471275014240923,4598,6252,86,72,0.2795803628354489,0.3671361502347418,0.9996871939941246,0.9999455989555,0.9944775002672177,0.9999287419389319
30,0.035,16,0.7108698773196497,0.749081865630514,4369,6272,84,59,0.2789775691184142,0.3719932765316177,0.9993743879882494,1.0,0.9966865001603307,0.9999109274236648
30,0.035,17,0.7111199618389548,0.7468542609307776,4357,6188,86,63,0.2805193299715991,0.36646380339651075,0.9995511913828745,1.0,0.995047564755763,0.9998396693625966
30,0.035,18,0.7115645565399418,0.7463587230869693,4474,6204,86,72,0.27932533472439575,0.3653045847099055,0.9994287890327495,1.0,0.9987529839313072,0.9997149677557273
30,0.035,19,0.7102770843850005,0.7470580335020631,4634,6234,75,59,0.27796904886106766,0.3669390830580189,0.9992383853769993,1.0,0.9961342501870524,0.9998931129083978
30,0.035,20,0.7111709049817763,0.7488688306696245,4381,6145,92,69,0.2802063409262157,0.3714484437489132,0.9996735937329997,1.0,0.9955641856985071,0.9999287419389319
30,0.035,21,0.7103558146966336,0.74733590519018,4693,6340,81,68,0.2770764504723816,0.367634614269982,0.9997007942552497,1.0,0.9972031211030747,0.9998931129083978
30,0.035,22,0.7110736498909354,0.747511890592654,4457,6204,106,77,0.280704804961456,0.3681214861183562,0.9992383853769993,0.9999591992166249,0.9949941212099619,0.9998752983931307
30,0.035,23,0.7113793087478639,0.7484473919426473,4442,6463,77,62,0.28061206746652756,0.37045151567843276,0.9998367968664998,1.0,0.995528556667973,0.9998396693625966
30,0.035,24,0.7116618116307827,0.7474655786446345,4412,6285,89,61,0.28056569871906334,0.3679707876890975,0.9998367968664998,1.0,0.9966865001603307,0.9998752983931307
30,0.035,25,0.7101937228785654,0.7477341879431474,4511,6188,89,65,0.2793137425375297,0.3686315423404625,0.9994151887716244,1.0,0.9935155164427976,0.9998931129083978
30,0.035,26,0.7108235653716302,0.7471460262033002,4374,6244,82,65,0.278502289456906,0.3672057033559381,0.9994287890327495,0.9999863997388749,0.9971674920725407,0.9998396693625966
30,0.035,27,0.7095962987491142,0.7473405363849819,4242,6233,99,65,0.2765663942502753,0.3676577986437141,0.9996871939941246,1.0,0.9950831937862971,0.9998752983931307
30,0.035,28,0.7102724531901985,0.747697138384732,4507,6157,85,68,0.27933692691126183,0.3685619892192662,0.9977967576977478,0.9999455989555,0.9959026614885809,0.9999287419389319
30,0.035,29,3.241836361367323e-05,0.7484196047738356,1,6271,2,76,8.114530806236596e-05,0.37038196255723643,0.0,0.9999455989555,0.0,0.9999109274236648
30,0.035,30,0.7119443145137014,0.746993196774836,4575,6242,84,66,0.2819103923955254,0.36681156900249234,0.9995511913828745,1.0,0.9960808066412513,0.9998396693625966
30,0.035,31,0.7127362488248343,0.7487669443839816,4466,6073,87,67,0.2826638845418188,0.37133252188025273,0.9997551952997498,0.9999863997388749,0.9977019275305519,0.9997327822709944
30,0.035,32,0.710675367137968,0.7463957726453847,4431,6200,81,64,0.2806816205877239,0.3652929925230395,0.9985719725818736,1.0,0.9943706131756155,0.9998752983931307
30,0.035,33,0.7112403729038055,0.7479703788780467,4435,6219,97,68,0.27918622848200314,0.3692343360574972,0.9994559895549995,0.9999863997388749,0.9976841130152848,0.9998931129083978
30,0.035,34,0.7097028162295591,0.747164550982508,4360,6092,96,70,0.27760969106822003,0.3672057033559381,0.9980823631813731,1.0,0.9959917340649161,0.9998931129083978
30,0.035,35,0.7118609530072664,0.7480259532156701,4487,6251,81,67,0.2807279893351881,0.3695473251028807,0.9994287890327495,0.9999591992166249,0.997737556561086,0.9996615242099263
30,0.035,36,0.7115367693711301,0.7483455056570045,4497,6306,78,57,0.2823508954964354,0.3701501188199154,0.9990207811989991,1.0,0.9945309438130189,0.9999109274236648
30,0.035,37,0.7125185826691428,0.7463401983077614,4473,6173,86,67,0.2833246391931838,0.3651654784675129,0.9995375911217496,1.0,0.9961342501870524,0.9998574838778637
30,0.035,38,0.710837458956036,0.7484196047738356,4512,6290,84,61,0.27903553005274445,0.37034718599663824,0.9991703840713742,1.0,0.9967399437061317,0.9998931129083978
30,0.035,39,0.7115460317607339,0.7476415640471086,4485,6337,100,71,0.28091346432504494,0.3684692517243378,0.9992655858992493,1.0,0.9964549114618592,0.9997862258167955
30,0.035,40,0.7112403729038055,0.7490401848772965,4340,6239,86,64,0.28011360343128733,0.3719121312235553,0.9995919921662496,0.9999863997388749,0.9960808066412513,0.9998931129083978
30,0.035,41,0.7117775915008313,0.7474794722290403,4393,6187,78,65,0.2811221236886339,0.3681562626789544,0.9987215754542487,1.0,0.997737556561086,0.9996437096946592
30,0.035,42,0.7112218481245977,0.7474007419174074,4391,6213,80,66,0.2805077377847331,0.367843273633571,0.9999455989555,1.0,0.9949406776641607,0.9998218548473295
30,0.035,43,0.7099575319436662,0.7470534023072612,4436,6248,88,62,0.27810815510346026,0.36690430649742073,0.9998095963442498,1.0,0.9939430648092066,0.9999287419389319
30,0.035,44,0.7129724397597337,0.7476415640471086,4269,6396,101,69,0.28306961108213063,0.3684460673506057,0.9997415950386247,1.0,0.9980047742900916,0.9998218548473295
30,0.035,45,0.7107911470080166,0.747516521787456,4269,6295,76,61,0.27996290500202864,0.3680983017446241,0.9996463932107497,1.0,0.9945131292977518,0.9998752983931307
30,0.035,46,0.7113422591894483,0.7478870173716117,4403,6126,83,65,0.2809714252593752,0.368956123572712,0.9996463932107497,1.0,0.9950831937862971,0.9999821854847329
30,0.035,47,0.711444145475091,0.747868492592404,4324,6137,90,68,0.2801715643656176,0.3690256766939083,0.9994559895549995,0.99997279947775,0.9969537178893362,0.9998396693625966
30,0.035,48,0.7111570113973704,0.7480074284364624,4520,6382,95,67,0.2802411174868139,0.369396626673622,0.9992383853769993,1.0,0.9960273630954501,0.9997684113015285
30,0.035,49,0.7109902883845003,0.7472293877097352,4439,6340,84,62,0.2806816205877239,0.3673564017851968,0.9993879882493744,1.0,0.9945131292977518,0.9999109274236648
